SMILES,HOMO,LUMO,S1,SI
CC(C1=CC=C(C=C1)N1C2=CC(=CC=C2B2C3=C1C=C(C=C3N(C1=C2SC2=C1C=C(C=C2)C(C)(C)C)C1C=CC(=CC=1)C(C)(C)C)N(C1=CC=CC=C1)C1=CC=CC=C1)N(C1=CC=C2C(=C1)C1=CC=CC=C1O2)C1C=CC(=CC=1)C(C)(C)C)(C)C,-4.773963,-1.3886036,2.5844138,2.8971145
CC(C1C=CC=C(C=1)N1C(=NC2=C1C=C1C(=C2)B2C3C(N1C1=CC=CC4=C1C1C=CC=CC=1N4C1=CC=CC=C1)=CC=CC=3N(C1=C2SC2=C1C=CC=C2)C1C=CC=C(C=1)C(C)(C)C)C1C=CC(=CC=1)C(C)(C)C)(C)C,-4.6717167,-1.4300523,2.560685,2.8109744
FC1C=CC=CC=1C1=NC=C2C(=C1)N(C1C=CC=C(C=1)C(C)(C)C)C1=C3B2C2SC4=C(C=2N(C3=CC=C1)C1=CC=CC2=C1C1C=CC=CC=1O2)C=CC=C4,-5.1255283,-1.669795,2.604005,3.0051131
CC(C1C=CC(=CC=1)N1C2C=C(C=CC=2B2C3C1=CC=CC=3N(C1=C2C2=CC(=CC=C2S1)C(C)(C)C)C1=CC=C(C=C1)C(C)(C)C)N(C1=CC=C(C=C1)C(C)(C)C)C1=CC=C(C=C1)C(C)(C)C)(C)C,-4.767638,-1.23487,2.715396,2.9814956
FC1=CC=CC=C1N1C2=CC3=C(C=C2B2C4C1=CC=CC=4N(C1=C2SC2C1=CC=CC=2)C1=CC=CC(=C1)C(C)(C)C)N=C(N3C1C=CC=C(C=1)C(C)(C)C)C1=CC=CC2=C1C1C=CC=CC=1S2,-4.7841973,-1.4751419,2.5550423,2.8855937
CC1=CC=C(C=C1)N1C2C=C(C)C=CC=2B2C3C1=CC1C4=CC=CC=C4SC=1C=3N(C1C2=CC=C(C=1)C)C1=CC=C(C=C1)C,-4.8760424,-1.4665447,2.5458245,2.9240801
CC1C=CC2=C(C=1)C1=C(S2)B2C3C=CC(=CC=3N(C3=C2C(N1C1=CC=CC(=C1)C(C)(C)C)=CC(=C3)N(C1=CC=CC=C1)C1=CC=CC=C1)C1=CC=CC2=C1C1C=CC=CC=1O2)N(C1=CC=CC=C1)C1=CC=CC=C1,-4.848314,-1.4194404,2.6138701,2.9896011
C1C=CC(=CC=1)N(C1=CC=C2C3=C1C=CN3C1C3B2C2C=CC(=C4C=2N(C=3C=CC=1)C=C4)N(C1C=CC=CC=1)C1=CC=CC=C1)C1=CC=CC=C1,-5.038377,-1.8378676,2.4571028,2.766556
CC(C1C=CC(=CC=1)N1C2=CC(=CC=C2B2C3=C1C=CC=C3N(C1=C2C=CC(=C1)N(C1=CC=C(C=C1)C(C)(C)C)C1=CC=C(C=C1)C(C)(C)C)C1=CC=C(C=C1)C(C)(C)C)C1=CC=C2C(=C1)C1=CC=CC=C1O2)(C)C,-4.867004,-1.4496788,2.6432896,2.8942082
C1C=C2N3C4C(C5C3=CC=C(C=5)C3C=CC=C5C=3OC3=C5C=CC=C3)=CC=CC=4B3C2=C(C=1)N1C2C=CC=CC=2C2=C1C3=CC=C2,-5.5704646,-2.1593149,2.714699,2.9439194
CC(C1C=CC=C(C=1)N1C2C=C(C=CC=2B2C3=C1C=CC=C3N(C1=C2SC2C1=CC(=CC=2)N(C1C=CC=CC=1)C1=CC=CC=C1)C1=CC=C2C(=C1)C1C=CC=CC=1S2)N(C1C=CC=CC=1)C1=CC=CC=C1)(C)C,-4.822038,-1.5454702,2.3720384,2.8555398
C1C=CC(=CC=1)C1C=CC(=CC=1)C1C=CC2-N3C4C=CC=C5C=4B(C4=C3C(OC=2C=1)=CC=C4)C1C=CC=C2C=1N5-C1=CC=C(C=C1O2)C1C=CC(=CC=1)C1C=CC=CC=1,-5.213583,-1.9458559,2.4362612,2.748068
CC(C1=CC=C(C=C1)N1C2=CC(=CC=C2B2C3=C1C=CC=C3N(C1=C2C=C2C(=C1)OC1=C2C=CC=C1)C1C=CC(=CC=1)C(C)(C)C)N(C1C=CC(=CC=1)N(C1=CC=C(C=C1)C(C)(C)C)C1=CC=C(C=C1)C(C)(C)C)C1C=CC(=CC=1)N(C1=CC=C(C=C1)C(C)(C)C)C1C=CC(=CC=1)C(C)(C)C)(C)C,-4.699155,-1.3987838,2.4571295,2.7430305
CC(C1=CC=C(C=C1)N1C2C3=CC=C(C=C3SC=2B2C3C1=CC=CC=3N(C1=C2C=CC(=C1)N(C1C=CC=CC=1)C1C=CC=CC=1)C1=CC=CC(=C1)C(C)(C)C)N(C1=CC=CC=C1)C1C=CC=CC=1)(C)C,-4.7237134,-1.4015213,2.5026636,2.8723917
CC(C1=CC=CC(=C1)N1C2C3=CC(=CC=C3SC=2B2C3=C1C=C(C=C3N(C1C2=CC(=CC=1)C(C)(C)C)C1C=CC=C(C=1)C(C)(C)C)N(C1=CC=CC=C1)C1C=CC=CC=1)N(C1=CC=CC=C1)C1=CC=CC=C1)(C)C,-4.8158007,-1.4438523,2.56132,2.908767
CC(C1C=CC(=CC=1)N1C2C=C(C=CC=2B2C3C1=CC=CC=3N(C1C2=CC=C(C=1)N(C1=CC=C2C(=C1)C1=CC=CC=C1O2)C1C=CC2=C(C=1)C1C=CC=CC=1O2)C1=CC=C(C=C1)C(C)(C)C)N(C1=CC=C2C(=C1)C1=CC=CC=C1O2)C1C=CC2=C(C=1)C1C=CC=CC=1O2)(C)C,-4.8978667,-1.514335,2.7410674,2.9193795
CC(C1C=CC(=CC=1)N1C2=CC(=CC=C2B2C3=C1C=CC=C3N(C1=C2C=C(C=C1)C(C)(C)C)C1=CC=C(C=C1)C(C)(C)C)N(C1=CC=C2C(=C1)C1=CC=CC=C1O2)C1C=CC2=C(C=1)C1C=CC=CC=1O2)(C)C,-4.8626237,-1.437314,2.708634,2.9291446
FC1C=CC=C(C=1C1N=CC2=C(C=1)N(C1C3B2C2SC4=C(C=2N(C=3C=C(C=1)N1C2C=CC=CC=2C2C1=CC=CC=2)C1=CC=NC=C1)C=CC=C4)C1=CC=CC2=C1C1C=CC=CC=1O2)F,-5.349783,-1.8585614,2.750071,3.0802844
C1C=CC(=CC=1)C1=CC=CC=C1N1CCN2C3C1=CC=CC=3B1C3=C2C=CC=C3N2C3C1=CC=CC=3N(CC2)C1=CC=CC=C1C1=CC=CC=C1,-4.920155,-1.4630514,2.7050633,2.955249
CC(C1=CC=C(C=C1)N(C1=CC2N(C3=CC=C(C=C3)C(C)(C)C)C3=CC=CC4=C3B(C=2C=C1N(C1=CC=C(C=C1)C(C)(C)C)C1C=CC(=CC=1)C(C)(C)C)C1=CC(=CC=C1N4C1C=CC(=CC=1)C(C)(C)C)C(C)(C)C)C1=CC=C(C=C1)C(C)(C)C)(C)C,-4.5406156,-1.2972525,2.4455876,2.6640427
CC(C1=CC=C(C=C1)N1C2=CC(=CC=C2B2C3=C1C=CC=C3N(C1=C2SC2=C1C=C(C=C2)C(C)(C)C)C1=CC=C(C=C1)C(C)(C)C)N(C1C=CC(=CC=1)C(C)(C)C)C1C=CC(=CC=1)C(C)(C)C)(C)C,-4.724142,-1.3147196,2.636919,2.88346
CC(C1C=CC=C(C=1)N1C(=NC2C1=CC1N(C3C=CN=CC=3)C3=CC(=CC4=C3B(C=1C=2)C1SC2=C(C=1N4C1=CC=CC(=C1)C(C)(C)C)C=CC=C2)N1C2C=CC=CC=2C2C1=CC=CC=2)C1C=CC2=C(C=1)C1=CC=CC=C1O2)(C)C,-4.963422,-1.6494204,2.6569395,2.9193673
CC(C1=CC=C(C=C1)N(C1=CC=C2C(=C1)N(C1C=CC(=CC=1)C(C)(C)C)C1=C3B2C2C=C4C(=CC=2N(C3=CC=C1)C1=CC=C(C=C1)C(C)(C)C)OC1=C4C=CC=C1)C1C=CC(=CC=1)C(C)(C)C)(C)C,-4.7992935,-1.3687413,2.6923554,2.9101179
CC1C=CC2=C(C=1)C1=C(S2)B2C3C=CC(=CC=3N(C3=C2C(N1C1=CC=CC(=C1)C(C)(C)C)=CC(=C3)N(C1=CC=CC=C1)C1C=CC=CC=1)C1C=CC2=C(C=1)C=CC=C2)N(C1C=CC=CC=1)C1=CC=CC=C1,-4.8015523,-1.4479489,2.4692469,2.922425
CC(C1C=CC=C(C=1)N1C2C=C(C=CC=2B2C3C1=CC=CC=3N(C1=C2SC2=C1C=C(C=C2)N(C1=CC=CC=C1)C1C=CC=CC=1)C1=CC=C2C(=C1)C=CC=C2)N(C1C=CC=CC=1)C1=CC=CC=C1)(C)C,-4.802522,-1.5480033,2.345061,2.8249834
CC1C=C2N(C3=CC=C(C=C3)C(C)(C)C)C3C=CC(=CC=3B3C2=C(C=1)N(C1C=CC(=CC=1)C(C)(C)C)C1=C3SC2C1=CC(=CC=2)C(C)(C)C)C(C)(C)C,-4.707204,-1.2704614,2.6723027,2.9232814
FC1=CC=C(C=C1)N1C2C=CC(=CC=2B2C3=C1C=C1N(C4C=CC(=CC=4)F)C4=CC=C(C=C4B4C1=C3N(C1C2=CC(F)=CC=1)C1=C4C=C(C=C1)F)F)F,-5.4684916,-1.9967618,2.759288,2.982784
CC(C1C=CC2=C(C=1)B1C3=C(N2C2=CC=CC4=C2C2=CC=CC=C2S4)C=C(C=C3N(C2=C1SC1C2=CC=CC=1N(C1C=CC=CC=1)C1=CC=CC=C1)C1C=CC=C(C=1)C(C)(C)C)N(C1=CC=CC=C1)C1=CC=CC=C1)(C)C,-4.8553553,-1.4480048,2.5991192,2.9491992
CC(C1=CC=C(C=C1)N1C2C=C(N(C3=CC=C(C=C3)C(C)(C)C)C3=CC=C(C=C3)C(C)(C)C)C3=C(C=2B2C4=C1C=CC=C4N(C1=C2C=C(C=C1)C(C)(C)C)C1C=CC(=CC=1)C(C)(C)C)OC1=C3C=CC=C1)(C)C,-4.7838745,-1.3472677,2.619935,2.8864257
CC1=CC(C)=C(C(=C1)C)N1C2=CC(=CC=C2B2C3=C1C=C(C=C3N(C1=C2SC2C1=CC=CC=2)C1C(C)=CC(=CC=1C)C)N1C2C=CC=CC=2C2C1=CC=CC=2)N(C1C=CC2=C(C=1)C1=CC=CC=C1O2)C1=CC=C(C=C1)C(C)(C)C,-4.911197,-1.4989071,2.7344756,2.9833002
CC(C1C=CC=C(C=1)N1C(=NC2C1=CC1=C(C=2)B2C3SC4=C(C=3N(C3=C2C(N1C1=CC=CC2=C1C1C=CC=CC=1C1C2=CC=CC=1)=CC(=C3)N1C2=CC=CC=C2C2=C1C=CC=C2)C1=CC=CC(=C1)C(C)(C)C)C=CC=C4)C1C=CC=C2C=1C=CC=C2)(C)C,-4.8905654,-1.6296911,2.6037245,2.8739603
CC(C1=CC=C2C(=C1)B1C3SC4=C(C=3N(C3=C1C(N2C1=CC=C2C(=C1)OC1C2=CC=CC=1)=CC(=C3)N(C1=CC=CC=C1)C1C=CC=CC=1)C1=CC=CC(=C1)C(C)(C)C)C=C(C=C4)N(C1C=CC=CC=1)C1C=CC=CC=1)(C)C,-4.825569,-1.4998118,2.4677289,2.8859923
FC1C=CC=CC=1N1C2=CC3=C(C=C2B2C4=C1C=CC=C4N(C1=C2SC2C1=CC=CC=2)C1C=CC=C(C=1)C(C)(C)C)N=C(N3C1C=CC=C(C=1)C(C)(C)C)C1=CC=CC2=C1C=CC=C2,-4.778371,-1.5099288,2.5275502,2.845587
FC1C=CC=CC=1C1N=CC2=C(C=1)N(C1=C3B2C2SC4=C(C=2N(C3=CC=C1)C1=CC=CC(=C1)C(C)(C)C)C=CC=C4)C1=CC=CC2=C1C1C=CC=CC=1O2,-5.1072006,-1.6504605,2.606135,3.0085604
C1C=CC(=CC=1)C1=CC=C(C=C1)C1C=CC(=CC=1)N1C2=CC=C(C=C2B2C3=C1C=CC=C3OC1=C2C=CC=C1)C1=CC=C(C=C1)C1=CC=CC=C1,-5.363406,-1.7052712,2.7996073,3.1631892
CC(C1C=CC2=C(C=1)B1C3=C(N2C2=CC(=CC(=C2)C2CCCC2)C2CCCC2)C=CC=C3N(C2C1=CC(=CC=2)C(C)(C)C)C1C=C(C=C(C=1)C1CCCC1)C1CCCC1)(C)C,-4.8650866,-1.2801082,2.837572,3.0377467
C1=CC=C(C=C1)N(C1=CC=CC=C1)C1=CC2-C3=CC(=CC=C3B3C=2C(-C2=CC(=CC=C32)N(C2=CC=CC=C2)C2=CC=CC=C2)=C1)N(C1C=CC=CC=1)C1=CC=CC=C1,-4.9712715,-2.4194906,1.7580168,2.079545
C1=CC=C2C(=C1)OC1C(N2C2C=C3OC4=CC=CC=C4B4C3=C(C=2)OC2C4=CC=CC=2)=CC=CC=1,-5.0717087,-2.141556,2.069386,2.4328547
CC1(C)C2C=C3C(=CC=2-C2C1=CC=CC=2)C1C2N3C3C=C4C5C=CC=CC=5SC4=C4C=3B(C=2C=CC=1)C1=CC=CC2=C1N4C1C=C3C(-C4=C(C3(C)C)C=CC=C4)=CC2=1,-5.375984,-2.2809203,2.470071,2.6743479
CC(C1=CC=C(C=C1)N1C2C=C(C=CC=2B2C3C1=CC(=CC=3N(C1=C2SC2C1=CC(=CC=2)C(C)(C)C)C1=CC=C(C=C1)C(C)(C)C)N(C1C=CC=CC=1)C1C=CC=CC=1)N(C1=CC=C2C(=C1)C1=CC=CC=C1O2)C1C=CC2=C(C=1)C1C=CC=CC=1O2)(C)C,-4.8123045,-1.4347959,2.618308,2.9138577
CC(C1=CC=CC(=C1)N1C2=CC(=CC=C2B2C3=C1C=CC=C3N(C1=C2SC2C1=CC=C(C=2)N(C1=CC=CC=C1)C1=CC=CC=C1)C1=CC=C2C(=C1)C1=CC=CC=C1O2)N(C1=CC=CC=C1)C1=CC=CC=C1)(C)C,-4.756415,-1.508453,2.3797681,2.8269036
CC1=CC=C(C=C1)N1C2C=C(C)C=CC=2B2C3=C1C=C(C)C=C3N(C1C2=CC2OC=CC=2C=1)C1=CC=C(C=C1)C,-4.880412,-1.2771875,2.759554,3.091596
CC1(C)C2C=CC=CC=2N(C2=C1C=CC=C2)C1=CC=C2C(=C1)B1C3=CC(=CC=C3OC3=C1C(O2)=CC=C3)N1C2C=CC=CC=2C(C2=C1C=CC=C2)(C)C,-5.2204485,-2.2912576,2.1475217,2.4409168
CC(C1=CC=C(C=C1)N1C2C=C(C=CC=2B2C3C1=CC=CC=3N(C1C2=CC2=C(C=1)SC1C2=CC=CC=1)C1=CC=C(C=C1)C(C)(C)C)N(C1=CC=C2C3=C1C=CC1=C3C(C=C2)=CC=C1)C1=CC=C(C=C1)C(C)(C)C)(C)C,-4.8745832,-1.8771168,2.2042313,2.4867346
CC(C1C=CC=C(C=1)N1C2=CC3N(C4=CC=CC5=C4B(C=3C=C2N=C1C1=CC=CC2=C1C1C=CC=CC=1S2)C1SC2C(C=1N5C1=CC=CC(=C1)C(C)(C)C)=CC=CC=2)C1=CC=C2C3=C1C=CC1C3=C(C=C2)C=CC=1)(C)C,-4.744865,-1.9453276,1.9848729,2.3661568
CC(C1=CC=C2C(=C1)B1C3SC4C(C=3N(C3=C1C(N2C1C=CC=C(C=1)C(C)(C)C)=CC(=C3)N(C1C=CC=CC=1)C1=CC=CC=C1)C1=CC=CC(=C1)C(C)(C)C)=CC=CC=4N(C1=CC=CC=C1)C1C=CC=CC=1)(C)C,-4.8010817,-1.407158,2.597993,2.9203424
C1C=C2N3C4C(C5C3=CC=C(C=5)C3C=CC=C5C=3SC3=C5C=CC=C3)=CC=CC=4B3C2=C(C=1)N1C2C=CC=CC=2C2C1=C3C=CC=2,-5.5562496,-2.16595,2.6630507,2.923865
C1=CC=C2-N3C4C=CC=C5C=4B(C4C3=C(C3(C2=C1)C1C=CC=CC=1-C1=C3C=CC=C1)C=CC=4)C1C=CC=C2C=1N5-C1C=CC=CC=1C12C2=CC=CC=C2-C2=C1C=CC=C2,-5.237141,-1.8919573,2.6124582,2.844845
CC(C1=CC=CC(=C1)N1C2=CC3=C(C=C2B2C4=C1C=CC=C4N(C1=C2SC2=C1C=CC=C2)C1=CC=CC(=C1)C(C)(C)C)N=C(N3C1=CC=CC(=C1)C(C)(C)C)C1C=CC2=C(C=1)C=CC=C2)(C)C,-4.708606,-1.5065905,2.4146762,2.7620597
CC(C1C=CC(=CC=1)N1C2C=C(N(C3=CC=C(C=C3)C(C)(C)C)C3=CC=C(C=C3)C(C)(C)C)C3=C(C=2B2C4=C1C=CC=C4N(C1=C2C=C(C=C1)C(C)(C)C)C1C=CC=CC=1F)OC1=C3C=CC=C1)(C)C,-4.836075,-1.3693103,2.670473,2.9364426
CCC(C1C=CC2=C(C=1)C1C=C3C4=C5C=1N2C1=CC=C(C=C1B5C1=C(N4C2C3=CC(=CC=2)C(CC)(C)C)C2=C(S1)C=CC=C2)C)(C)C,-5.424505,-1.9879146,2.616396,2.9457877
CC(C1C=CC=C(C=1)N1C2C3C=CC=C(C=3SC=2B2C3=C1C=CC=C3N(C1C2=CC=C(C=1)N(C1=CC=CC=C1)C1=CC=CC=C1)C1=CC=CC2=C1C1C=CC=CC=1O2)N(C1C=CC=CC=1)C1=CC=CC=C1)(C)C,-4.8310328,-1.4645239,2.5387843,2.9218223
CC(C1=CC=C2C(=C1)B1C3SC4=C(C=3N(C3=C1C(N2C1C=CC2=C(C=1)OC1=C2C=CC=C1)=CC(=C3)N(C1C=CC=CC=1)C1C=CC=CC=1)C1=CC=CC(=C1)C(C)(C)C)C(=CC=C4)N(C1=CC=CC=C1)C1=CC=CC=C1)(C)C,-4.9463677,-1.717183,2.2237246,2.7575285
CC1=CC=C2C(=C1)C1=C(S2)B2C3=CC=C(C=C3N(C3=C2C(N1C1=CC=CC(=C1)C(C)(C)C)=CC(=C3)N(C1C=CC=CC=1)C1=CC=CC=C1)C1=CC=CC2=C1C=CC=C2)N(C1C=CC=CC=1)C1=CC=CC=C1,-4.804391,-1.4602485,2.4587696,2.908109
CC(C1=CC=CC(=C1)N1C2=CC=CC3=C2B(C2C1=CC(=CC=2)N(C1C=CC=CC=1)C1C=CC=CC=1)C1=C(N3C2=CC=C3C(=C2)C2=CC=CC=C2O3)C2=C(S1)C=CC=C2N(C1C=CC=CC=1)C1C=CC=CC=1)(C)C,-4.9222074,-1.736163,2.186851,2.7311246
CC(C1=CC2SC3C=C(C=CC=3-N3C=2C(=C1)B1C2C3=CC=CC=2N2-C3C=CC(=CC=3SC3=C2C1=CC(=C3)C(C)(C)C)C(C)(C)C)C(C)(C)C)(C)C,-5.0639358,-1.9299107,2.3089352,2.595181
C1CCC(C1)C1C=CC2=C(C=1)B1C3C(N2C2=CC=C(C=C2)C2CCCC2)=CC=CC=3N(C2C1=CC(=CC=2)C1CCCC1)C1C=CC(=CC=1)C1CCCC1,-4.8773785,-1.3087361,2.8338904,3.0354736
CC1C=CC2=C(C=1)C1=C(S2)B2C3C=CC(=CC=3N(C3C2=C(N1C1C=CC=C(C=1)C(C)(C)C)C=C(C=3)N(C1C=CC=CC=1)C1=CC=CC=C1)C1=CC=C2C(=C1)C1C=CC=CC=1S2)N(C1=CC=CC=C1)C1C=CC=CC=1,-4.8097486,-1.4604731,2.4659789,2.9279308
CC1C=CC(=CC=1)N1C2=CC(=CC3=C2B2C4=C1C=C(C=C4OC1=C2C(O3)=CC(=C1)N1C2=CC=CC=C2C2=C1C=CC=C2)N1C2C=CC=CC=2C2C1=CC=CC=2)N1C2C=CC=CC=2C2C1=CC=CC=2,-5.6636767,-1.9451913,3.0490055,3.3146656
CC(C1=CC=CC(=C1)N1C(=NC2=C1C=C1N(C3C=CC4=C(C=3)OC3C4=CC=CC=3)C3=CC=CC4=C3B(C1=C2)C1SC2C(C=1N4C1=CC=CC(=C1)C(C)(C)C)=CC=CC=2)C1=CC=C2C(=C1)C1=CC=CC=C1S2)(C)C,-4.7543063,-1.532997,2.430001,2.8056996
CC(C1C=CC=C(C=1)N1C2=CC3N(C4=CC=NC=C4)C4=CC(=CC5=C4B(C=3C=C2N=C1C1=CC=CC2=C1OC1=C2C=CC=C1)C1SC2C(C=1N5C1=CC=CC(=C1)C(C)(C)C)=CC=CC=2)N1C2C=CC=CC=2C2C1=CC=CC=2)(C)C,-4.980423,-1.672556,2.6460104,2.916268
CC1=CC(C)=C(C(=C1)C)B1C2=CC3=C(C=C2OC2=C1C=C(C=C2)N(C1C=CC=CC=1)C1C=CC=CC=1)OC1C(B3C2C(C)=CC(=CC=2C)C)=CC(=CC=1)N(C1C=CC=CC=1)C1C=CC=CC=1,-5.3603964,-2.271446,2.3275533,2.6279595
CC1=CC=C(C=C1)N1C2=CC(C)=CC=C2B2C3=C1C=C1OC=CC1=C3N(C1=C2C=CC(=C1)C)C1=CC=C(C=C1)C,-4.8694134,-1.2891923,2.6820297,3.0638287
CC(C1C=CC=C(C=1)N1C(=NC2C1=CC1N(C3C=C(C=C4C=3B(C=1C=2)C1SC2=C(C=1N4C1=CC=CC(=C1)C(C)(C)C)C=CC=C2)N1C2C=CC=CC=2C2C1=CC=CC=2)C1=CC=CC2=C1C1C=CC=CC=1C1C2=CC=CC=1)C1C=CC2=C(C=1)OC1C2=CC=CC=1)(C)C,-4.884115,-1.6388041,2.603328,2.8595488
CC(C1C=CC2=C(C=1)C1=C(S2)B2C3C=CC(=CC=3N(C3C2=C(N1C1=CC=CC(=C1)C(C)(C)C)C=C(C=3)N(C1C=CC=CC=1)C1=CC=CC=C1)C1=CC=CC2=C1C1C=CC=CC=1O2)N(C1=CC=CC=C1)C1=CC=CC=C1)(C)C,-4.853818,-1.4403943,2.61586,2.963914
CC(C1C=CC(=CC=1)N1C2C=C(C=CC=2B2C3C1=CC=CC=3N(C1C2=CC=C(C=1)N(C1=CC=CC2=C1OC1=C2C=CC=C1)C1C=CC=C2C=1OC1C2=CC=CC=1)C1C=CC(=CC=1)C(C)(C)C)N(C1=CC=CC2=C1OC1=C2C=CC=C1)C1C=CC=C2C=1OC1C2=CC=CC=1)(C)C,-4.8870354,-1.4215103,2.7414565,2.979495
CC1C=CC2=C(C=1)B1C3C(N2C2=CC=C(C=C2)C(C)(C)C)=CC(=CC=3N(C2=C1SC1C2=CC=CC=1N(C1C=CC=CC=1)C1=CC=CC=C1)C1=CC=CC(=C1)C(C)(C)C)N(C1=CC=CC=C1)C1=CC=CC=C1,-4.790765,-1.364671,2.6283495,2.9581056
FC1C=CC=CC=1N1C2=CC3=C(C=C2B2C4C1=CC=CC=4N(C1=C2SC2C1=CC=CC=2)C1C=CC=C(C=1)C(C)(C)C)N=C(N3C1C=CC=C(C=1)C(C)(C)C)C1=CC=C2C(=C1)C=CC=C2,-4.771077,-1.5143996,2.4975708,2.8316107
FC1C=CC=CC=1N1C2=CC3=C(C=C2B2C4C1=CC=CC=4N(C1=C2SC2C1=CC=CC=2)C1C=CC=C(C=1)C(C)(C)C)N=C(N3C1C=CC=C(C=1)C(C)(C)C)C1=CC=C2C(=C1)OC1=C2C=CC=C1,-4.7745333,-1.5180289,2.5315707,2.8356876
CC(C1=CC=C(C=C1)N1C2C=C(C=CC=2B2C3C1=CC=CC=3N(C1C2=CC2=C(C=1)OC1C2=CC=CC=1)C1C=CC(=CC=1)C(C)(C)C)N(C1=CC=C2C3=C1C=CC1=C3C(C=C2)=CC=C1)C1C=CC(=CC=1)C(C)(C)C)(C)C,-4.8385334,-1.8548036,2.215181,2.4721642
CC(C1C=CC=C(C=1)N1C(=NC2C1=CC1N(C3=CC=C(C=C3)C(F)(F)F)C3C=CC=C4C=3B(C=1C=2)C1SC2=C(C=1N4C1C=CC=C(C=1)C(C)(C)C)C=CC=C2)C1C=CC2=C(C=1)C1C=CC=CC=1S2)(C)C,-4.876387,-1.6037811,2.2786713,2.8488162
FC(C1=CC=C(C=C1)N1C2C=C3C(=CC=2B2C4=C1C=CC=C4N(C1=C2SC2=C1C=CC=C2)C1C=CC=C(C=1)C(C)(C)C)N=C(N3C1=CC=CC(=C1)C(C)(C)C)C1C=CC=C2C=1OC1C2=CC=CC=1)(F)F,-4.8889027,-1.6004606,2.3354774,2.8635876
CC(C1=CC=C2C(=C1)B1C3SC4=C(C=3N(C3=C1C(N2C1=CC=CC2=C1OC1=C2C=CC=C1)=CC(=C3)N(C1=CC=CC=C1)C1=CC=CC=C1)C1=CC=CC(=C1)C(C)(C)C)C(=CC=C4)N(C1C=CC=CC=1)C1C=CC=CC=1)(C)C,-4.9402633,-1.6818708,2.264191,2.7804744
C1C=CC(=CC=1)N(C1C=CC2C(C=1)=CC=CC=2)C1=CC=C2C(=C1)N1C3C=CC=CC=3C3=C1C1B2C2=CC=C(C=C2N2C=1C(=C3)C1C2=CC=CC=1)N(C1=CC=C2C(=C1)C=CC=C2)C1=CC=CC=C1,-5.2955527,-1.9847183,2.4752681,2.8673856
FC1=CC=CC(=C1N1C2=CC(N(C3C=CC=CC=3)C3C=CC=CC=3)=C3C(=C2B2C4C1=CC=CC=4N(C1=C2C=CC=C1)C1=CC=CC=C1)OC1C3=CC=CC=1)F,-5.0309877,-1.5334653,2.7253702,3.0327857
CCC(C1C=CC2=C(C=1)B1C3C(N2C2C=CC(=CC=2)C(CC)(C)C)=CC(=CC=3N(C2C1=CC(=CC=2)C(CC)(C)C)C1C=CC(=CC=1)C(CC)(C)C)N(C1=CC=CC=C1)C1=CC=CC=C1)(C)C,-4.8547277,-1.3119398,2.8388824,3.0152667
CC1=CC=C2C(=C1)B1C3C(N2C2=CC=C4C(=C2)C2C=CC=CC=2S4)=CC(=CC=3N(C2=C1SC1=C2C=CC=C1N(C1C=CC=CC=1)C1C=CC=CC=1)C1=CC=CC(=C1)C(C)(C)C)N(C1C=CC=CC=1)C1C=CC=CC=1,-4.8143992,-1.4864324,2.4315696,2.8953602
CC(C1C=CC=C(C=1)N1C2C=C3N(C4C=CN=CC=4)C4=CC(=CC5=C4B(C3=CC=2N=C1C1=CC=CC2=C1C1C=CC=CC=1O2)C1SC2C(C=1N5C1C=CC=C(C=1)C(C)(C)C)=CC=CC=2)N1C2=CC=CC=C2C2=C1C=CC=C2)(C)C,-5.006995,-1.6756687,2.6597905,2.930103
CC(C1C=CC=C(C=1)N1C2C3C=C(C=CC=3SC=2B2C3=C1C=C(C=C3N(C1C2=CC(=CC=1)C(C)(C)C)C1=CC=CC2=C1C=CC=C2)N(C1=CC=CC=C1)C1=CC=CC=C1)N(C1=CC=CC=C1)C1=CC=CC=C1)(C)C,-4.8087645,-1.5204298,2.404399,2.8409932
CC1=CC=C2C(=C1)B1C3SC4=C(C=3N(C3C1=C(N2C1=CC=CC(=C1)C(C)(C)C)C=C(C=3)N(C1=CC=CC=C1)C1=CC=CC=C1)C1C=CC=C(C=1)C(C)(C)C)C=CC(=C4)N(C1=CC=CC=C1)C1C=CC=CC=1,-4.753888,-1.391951,2.529787,2.9154778
C1C=CC(=CC=1)N(C1=CC=C2C3=C1[C@H]1CCCC[C@@H]1N3C1C3B2C2=CC=C(C4=C2N(C=3C=CC=1)[C@@H]1[C@@H]4CCCC1)N(C1C=CC=CC=1)C1=CC=CC=C1)C1=CC=CC=C1,-5.019509,-1.525102,2.7716162,2.9918356
CC1C=CC2=C(C=1)B1C3SC4=C(C=3N(C3C1=C(N2C1=CC=CC2=C1C=CC=C2)C=C(C=3)N(C1=CC=CC=C1)C1C=CC=CC=1)C1C=CC=C(C=1)C(C)(C)C)C(=CC=C4)N(C1=CC=CC=C1)C1=CC=CC=C1,-4.9265103,-1.6956557,2.1980872,2.7662446
CC(C1C=CC=C(C=1)N1C2=CC3N(C4=CC=C5C(=C4)OC4=C5C=CC=C4)C4C=CC=C5C=4B(C=3C=C2N=C1C1C=CC=C2C=1C1=CC=CC=C1S2)C1SC2=C(C=1N5C1C=CC=C(C=1)C(C)(C)C)C=CC=C2)(C)C,-4.7634907,-1.5264733,2.4258094,2.8182328
CC(C1C=CC2=C(C=1)B1C3SC4=C(C=3N(C3C1=C(N2C1=CC=C(C=C1)C(C)(C)C)C=C(C=3)N(C1=CC=CC=C1)C1=CC=CC=C1)C1=CC=CC(=C1)C(C)(C)C)C=C(C=C4)N(C1C=CC=CC=1)C1=CC=CC=C1)(C)C,-4.795454,-1.4125704,2.579527,2.9146564
CC(C1=CC=C2C(=C1)N(C1C=CC(=CC=1)C(C)(C)C)C1C3B2C2SC4C(C=2N(C=3C=CC=1)C1=CC=C(C=C1)C(C)(C)C)=CC=CC=4)(C)C,-4.8159876,-1.3733873,2.668374,2.9444582
CC(C1C=CC=C(C=1)N1C(=NC2C1=CC1N(C3C=C(C=C4C=3B(C=1C=2)C1SC2=C(C=1N4C1C=CC=C(C=1)C(C)(C)C)C=CC=C2)N1C2=CC=CC=C2C2=C1C=CC=C2)C1=CC=CC2=C1C1C=CC=CC=1S2)C1=CC=C2C(=C1)OC1=C2C=CC=C1)(C)C,-4.9298687,-1.6417762,2.5940306,2.8973587
CC(C1=CC=CC(=C1)N1C2=CC3=C(C=C2B2C4C1=CC=CC=4N(C1=C2SC2C1=CC=CC=2)C1=CC=CC(=C1)C(C)(C)C)N=C(N3C1=CC=CC(=C1)C(C)(C)C)C1=CC=CC2=C1OC1=C2C=CC=C1)(C)C,-4.7216697,-1.4796368,2.5086374,2.804385
FC1=CC=CC=C1N1C2=CC3=C(C=C2B2C4C1=CC=CC=4N(C1=C2SC2C1=CC=CC=2)C1=CC=CC(=C1)C(C)(C)C)N=C(N3C1=CC=CC(=C1)C(C)(C)C)C1=CC=CC2=C1OC1=C2C=CC=C1,-4.7808414,-1.4863015,2.590792,2.872004
CC1C=CC2=C(C=1)B1C3SC4C(C=3N(C3=C1C(N2C1=CC=C2C(=C1)C=CC=C2)=CC(=C3)N(C1=CC=CC=C1)C1=CC=CC=C1)C1=CC=CC(=C1)C(C)(C)C)=CC(=CC=4)N(C1=CC=CC=C1)C1=CC=CC=C1,-4.816415,-1.499966,2.408298,2.8836849
CC(C1C=CC=C(C=1)N1C2C=C(C=CC=2B2C3=C1C=CC=C3N(C1=C2SC2=C1C(=CC=C2)N(C1=CC=CC=C1)C1C=CC=CC=1)C1C=CC=C2C=1C=CC=C2)N(C1C=CC=CC=1)C1=CC=CC=C1)(C)C,-4.9252644,-1.74552,2.1539736,2.718722
FC1C=CC=C(C=1N(C1=CC2N(C3C=CC(=CC=3)C(C)(C)C)C3C=CC=C4C=3B(C=2C2=C1C1C=CC=CC=1O2)C1C=C(C=CC=1N4C1C=CC(=CC=1)C(C)(C)C)C(C)(C)C)C1C=CC(=CC=1)C(C)(C)C)F,-4.8512845,-1.3803364,2.691946,2.9439657
CC(C1C=CC(=CC=1)N(C1C=C2N(C3C=CC(=CC=3)C(C)(C)C)C3=CC=CC4=C3B(C2=C2C=1C1=CC=CC=C1O2)C1=CC(=CC=C1O4)C(C)(C)C)C1=CC=C(C=C1)C(C)(C)C)(C)C,-5.1338325,-1.5792257,2.6617908,3.0155501
C1C=CC(=CC=1)C1=CC=C(C=C1)N(C1C=C2CCN3C2=C(C=1)B1C2=C3C=CC=C2N2C3=C1C=C(C=C3CC2)N(C1C=CC(=CC=1)C1C=CC=CC=1)C1=CC=C(C=C1)C1C=CC=CC=1)C1C=CC(=CC=1)C1=CC=CC=C1,-4.7581367,-1.519891,2.4639049,2.7758338
CC1C=CC(=CC=1)N1C2=CC(C)=CC=C2B2C3=C1C=C1OC4C(C1=C3N(C1=C2C=CC(=C1)C)C1C=CC(=CC=1)C)=CC=CC=4,-4.940094,-1.4364792,2.630332,3.0035598
CC(C1=CC=C2C(=C1)B1C3=C(N2C2=CC(=CC(=C2)C2CCCCC2)C2CCCCC2)C=CC=C3N(C2=C1C=C(C=C2)C(C)(C)C)C1C=C(C=C(C=1)C1CCCCC1)C1CCCCC1)(C)C,-4.846982,-1.2431861,2.8621933,3.0444577
CC(C1C=CC(=CC=1)C1C=CC=C(C=1N1CCN2C3C1=CC=CC=3B1C3=C2C=CC=C3N2C3C1=CC=CC=3N(CC2)C1C(=CC=CC=1C1C=CC(=CC=1)C(C)(C)C)C1=CC=C(C=C1)C(C)(C)C)C1C=CC(=CC=1)C(C)(C)C)(C)C,-4.750304,-1.2522756,2.8306906,2.930909
FC1C=CC=C(C=1C1N=CC2=C(C=1)N(C1=C3B2C2SC4=C(C=2N(C3=CC(=C1)N1C2=CC=CC=C2C2=C1C=CC=C2)C1=CC=CC2=C1C1C=CC=CC=1C1C2=CC=CC=1)C=CC=C4)C1=CC=CC2=C1C1C=CC=CC=1C1C2=CC=CC=1)F,-5.2737846,-1.8300456,2.7613792,3.0369377
CC1C=CC2=C(C=1)B1C3C(N2C2=CC=CC4=C2CCCC4)=CC=CC=3N(C2=C1C=C(C)C=C2)C1=CC=CC2=C1CCCC2,-4.949516,-1.3782023,2.8548574,3.0479968
C1=CC=C(C=C1)N(C1=CC=C2C(=C1)N1C3C=CC=CC=3C3=C1C1B2C2=NC=C(C=C2N2C=1C(=C3)C1C2=CC=CC=1)N(C1C=CC=CC=1)C1C=CC=CC=1)C1C=CC=CC=1,-5.288207,-1.9489888,2.4829297,2.9019716
CC1=CC=C2C(=C1)B1C3SC4=C(C=3N(C3C1=C(N2C1C=CC(=CC=1)C(C)(C)C)C=C(C=3)N(C1C=CC=CC=1)C1C=CC=CC=1)C1C=CC=C(C=1)C(C)(C)C)C=C(C=C4)N(C1=CC=CC=C1)C1C=CC=CC=1,-4.7998486,-1.399268,2.5821905,2.9428504
CC1=CC=C(C=C1)N(C1C=C2N(C3C(C)=CC(=CC=3C)C)C3C=C4N(C5=C(C)C=C(C=C5C)C)C5C=C(N(C6=CC=C(C=C6)C)C6C=CC(=CC=6)C)C6=C(C=5B5C4=C4C=3B(C2=C2C=1C1=CC=CC=C1O2)C1C=CC=CC=1N4C1C5=CC=CC=1)OC1C6=CC=CC=1)C1C=CC(=CC=1)C,-4.9058056,-1.4717828,2.6996365,2.9198554
CC(C1C=CC=C(C=1)N1C(=NC2C1=CC1N(C3=CC=C4C(=C3)OC3=C4C=CC=C3)C3=CC=CC4=C3B(C=1C=2)C1SC2=C(C=1N4C1=CC=CC(=C1)C(C)(C)C)C=CC=C2)C1=CC=C2C(=C1)C=CC=C2)(C)C,-4.7510734,-1.5604801,2.3975492,2.7717917
FC1=CC=CC=C1N1C2C=C3C(=CC=2B2C4=C1C=CC=C4N(C1=C2SC2=C1C=CC=C2)C1C=CC=C(C=1)C(C)(C)C)N=C(N3C1=CC=CC(=C1)C(C)(C)C)C1C=CC2=C(C=1)C1C=CC=CC=1O2,-4.763087,-1.4621083,2.6008043,2.8754919
CC(C1C=CC2=C(C=1)B1C3=C(N2C2=CC=C4C(=C2)C2=CC=CC=C2O4)C=C(C=C3N(C2=C1SC1C2=CC=CC=1N(C1C=CC=CC=1)C1=CC=CC=C1)C1C=CC=C(C=1)C(C)(C)C)N(C1C=CC=CC=1)C1C=CC=CC=1)(C)C,-4.812131,-1.4757944,2.5062432,2.8861027
C1C=CC2C(C=1)=CC=C(C=2)N(C1C=C2C3=C(C=1)N1C4CCCCC=4C4C1=C(B3C1C3N2C2CCCCC=2C=3C=CC=1)C=CC=4)C1C=CC2C(C=1)=CC=CC=2,-5.211566,-1.8651781,2.552431,2.8925793
CC(C1=CC=C(C=C1)N(C1C=C2N(C3C=CC(=CC=3)C(C)(C)C)C3=CC=CC4=C3B(C2=C2C=1C1=CC=CC=C1O2)C1=CC(=CC=C1S4)C(C)(C)C)C1=CC=C(C=C1)C(C)(C)C)(C)C,-5.0498657,-1.6517226,2.5031724,2.8621557
CC1=CC=C2C(=C1)B1C3C(N2C2=CC=C4C(=C2)C2C=CC=CC=2S4)=CC(=CC=3N(C2=C1SC1C2=CC=C(C=1)N(C1C=CC=CC=1)C1=CC=CC=C1)C1=CC=CC(=C1)C(C)(C)C)N(C1C=CC=CC=1)C1=CC=CC=C1,-4.795849,-1.485357,2.4005342,2.889506
CC1C=CC(=CC=1)N1C2C=C(C)C=CC=2B2C3=C1C=C(C)C=C3N(C1C2=CC2SC=CC=2C=1)C1C=CC(=CC=1)C,-4.9491024,-1.4265622,2.6352396,3.035673
CC(C1=CC=C2C(=C1)B1C3C(N2C2=CC=C(C=C2)C(C)(C)C)=CC=CC=3N(C2=C1C=C(C=C2)C(C)(C)C)C1C=CC(=CC=1)C(C)(C)C)(C)C,-4.834138,-1.3425819,2.7734199,2.9545395
CC(C1=CC=C(C=C1)C1C=CC2=C(C=1)N(C1=CC=CC=C1C1=CC=CC=C1)C1C3B2C2SC4=C(C=2N(C=3C=C(C=1)N1C2C=CC=CC=2C2C1=CC=CC=2)C1C=CC(=CC=1)C(C)(C)C)C=CC=C4)(C)C,-5.013302,-1.6003741,2.6331468,2.9707606
CC(C1=CC=C(C=C1)N1C2C=CC=C3C=2B(C2C1=CC=C(C=2)C(C)(C)C)C1=C(N3C2=CC3=C4C(=C2)N(C2C=CC(=CC=2)C(C)(C)C)C2=C(B4C4C(N3C3=CC=C(C=C3)C(C)(C)C)=CC=C(C=4)C(C)(C)C)C=C(C=C2)C(C)(C)C)C=CC(=C1)C(C)(C)C)(C)C,-4.758499,-1.3086482,2.8177276,2.8657138
CC1C=C(C)C(=C(C=1)C)B1C2C=CC=C3C=2N(C2C1=CC=CC=2)C1=C(B3C2=C(C)C=C(C=C2C)C)C=CC=C1,-5.7830544,-2.2319329,2.762652,3.0279603
CC(C1=CC=CC(=C1)N1C2=CC(=CC=C2B2C3C1=CC=CC=3N(C1=C2SC2C1=C(C=CC=2)N(C1C=CC=CC=1)C1C=CC=CC=1)C1=CC=CC2=C1C1=CC=CC=C1S2)N(C1=CC=CC=C1)C1C=CC=CC=1)(C)C,-4.969433,-1.726571,2.2729483,2.7814891
CC(C1C=CC2=C(C=1)B1C3C4OC5=C(C=4C(=CC=3N(C3=C1C(N2C1C=CC=NC=1)=CC=C3)C1=CC=C(C=C1)C(C)(C)C)N(C1C=CC(=CC=1)C(C)(C)C)C1=CC=C(C=C1)C(C)(C)C)C=CC=C5)(C)C,-4.8715143,-1.4345192,2.6330166,2.910689
CC(C1=CC=C(C=C1)N1C2=CC(=CC3=C2B(C2=C1C1=CC(=CC=C1S2)C(C)(C)C)C1=C(N3C2C=CC(=CC=2)C(C)(C)C)SC2=C1C=C(C=C2)C(C)(C)C)N(C1=CC=CC=C1)C1C=CC=CC=1)(C)C,-4.757377,-1.2643591,2.6587045,2.994189
C1C=CC(=CC=1)N(C1SC2=C3C=1N1C4=CC=CC=C4C4C1=C(B3C1C(N2C2C=CC=CC=2)=CC=CC=1)C=CC=4)C1=CC=CC=C1,-5.0440855,-1.73299,2.2455564,2.844352
CC(C1C=CC=C(C=1)N1C2C=C(C=CC=2B2C3C1=CC=CC=3N(C1=C2SC2=C1C=C(C=C2)N(C1=CC=CC=C1)C1C=CC=CC=1)C1C=CC=C2C=1C=CC=C2)N(C1=CC=CC=C1)C1=CC=CC=C1)(C)C,-4.800924,-1.5587684,2.3386135,2.8093646
CC1=CC=C2C(=C1)B1C3=C(N2C2=CC=CC4=C2C2=CC=CC=C2O4)C=C(C=C3N(C2=C1SC1=C2C(=CC=C1)N(C1=CC=CC=C1)C1C=CC=CC=1)C1C=CC=C(C=1)C(C)(C)C)N(C1C=CC=CC=1)C1=CC=CC=C1,-4.9701815,-1.6803597,2.312165,2.821935
CC(C1=CC=CC(=C1)N1C2=CC3=C(C=C2N=C1C1=CC=CC2=C1C1C=CC=CC=1O2)B1C2=C(N3C3=CC=CC4=C3C3C=CC=CC=3N4C3C=CC=CC=3)C=CC=C2N(C2=C1SC1=C2C=CC=C1)C1=CC=CC(=C1)C(C)(C)C)(C)C,-4.760336,-1.5114157,2.5548553,2.8334556
CC1=CC=C2C(=C1)B1C3C(N2C2=CC=C4C(=C2)C=CC=C4)=CC(=CC=3N(C2=C1SC1=C2C=CC=C1N(C1=CC=CC=C1)C1C=CC=CC=1)C1C=CC=C(C=1)C(C)(C)C)N(C1=CC=CC=C1)C1=CC=CC=C1,-4.8044424,-1.4757477,2.4323668,2.8855898
C1=CC=C2C(=C1)C=CC(=C2)N(C1=CC2=C3C(=C1)N1C4CCCCC=4C4C1=C(B3C1=C3N2C2CCCCC=2C3=CC=C1)C=CC=4)C1=CC=C2C(=C1)C=CC=C2,-5.211566,-1.8651781,2.552431,2.8925793
CC(C1=CC=C(C=C1)N1C2=CC(=CC=C2B2C3=C1C=CC=C3N(C1C2=CC=C2C=1N=C(N2C1=CC=CC=C1)C1C=CC=CC=1)C1C=CC(=CC=1)C(C)(C)C)N(C1C=CC(=CC=1)C(C)(C)C)C1C=CC(=CC=1)C(C)(C)C)(C)C,-4.7317486,-1.3171107,2.684092,2.912249
CC1=CC2B(O)C3C=C(C)C=C4C=3N3C=2C(=C1)B1C2=CC(C)=CC=C2N2C5=C1C3=C1B4C3C=C(C)C=CC=3N3C1=C5B(C1=C2C=CC=C1)C1C3=CC=C(C=1)C,-5.52859,-2.0760896,2.8008256,2.9082897
C1CC[C@H]2[C@@H](C1)N1C3=CC=CC4=C3B(C3C1=C2C=CC=3)C1=CC=CC2=C1N4[C@H]1CCCC[C@H]21,-5.001642,-1.4067272,2.922057,3.0875733
CC(C1C=CC=C(C=1)N1C(=NC2C1=CC1N(C3C=C(C=C4C=3B(C=1C=2)C1SC2=C(C=1N4C1C=CC=C(C=1)C(C)(C)C)C=CC=C2)N1C2=CC=CC=C2C2=C1C=CC=C2)C1=CC=CC2=C1C1C=CC=CC=1C1C2=CC=CC=1)C1C=CC2=C(C=1)C=CC=C2)(C)C,-4.877437,-1.6312925,2.5688286,2.8577573
CC(C1C=CC2=C(C=1)B1C3C4OC5=C(C=4C(=CC=3N(C3=C1C(N2C1=CC=C(C=C1)C(C)(C)C)=CC=C3)C1C=CC(=CC=1)C(C)(C)C)N(C1C=CC(=CC=1)C(C)(C)C)C1C=CC(=CC=1)C(C)(C)C)C=C1C(=C5)C=CC=C1)(C)C,-4.813096,-1.4398645,2.5438247,2.8285534
FC(C1=CC=C(C=C1)N1C2C=C(N(C3C=CC(=CC=3)C(C)(C)C)C3=CC=C(C=C3)C(C)(C)C)C3=C(C=2B2C4=C1C=CC=C4N(C1C2=CC(=CC=1)C(C)(C)C)C1C=CC(=CC=1)C(C)(C)C)OC1=C3C=CC=C1)(F)F,-4.9523544,-1.5103904,2.376979,2.9118598
C1=CC=C(C=C1)C1=CC=C(C=C1)C1=CC=C2-N3C4C=CC=C5C=4B(C4=C3C(SC2=C1)=CC=C4)C1C=CC=C2C=1N5-C1=CC=C(C=C1S2)C1C=CC(=CC=1)C1=CC=CC=C1,-5.2000046,-2.0815885,2.2786908,2.632725
CC(C1C=CC(=CC=1)N1C2=CC(=CC=C2B2C3=C1C=CC=C3N(C1=C2C=C2C(=C1)OC1=C2C=CC=C1)C1C=CC(=CC=1)C(C)(C)C)N(C1=CC=C2C(=C1)C1=CC=CC=C1O2)C1C=CC2=C(C=1)C1C=CC=CC=1O2)(C)C,-4.8775682,-1.477482,2.732533,2.9301348
CC(C1=CC=C2C(=C1)B1C3C(=CC(=C4C=3OC3C4=CC=CC=3)N(C3=CC=C(C=C3)C(C)(C)C)C3=CC=C(C=C3)C(C)(C)C)N(C3C1=C(N2C1=CC=C(C=C1)P(=O)(C1=CC=CC=C1)C1=CC=CC=C1)C=CC=3)C1C=CC(=CC=1)C(C)(C)C)(C)C,-4.863223,-1.4001573,2.668326,2.9225538
CC1=CC=C2C(=C1)B1C3SC4C(C=3N(C3=C1C(N2C1=CC=CC2=C1C1C=CC=CC=1O2)=CC(=C3)N(C1C=CC=CC=1)C1=CC=CC=C1)C1=CC=CC(=C1)C(C)(C)C)=CC(=CC=4)N(C1C=CC=CC=1)C1C=CC=CC=1,-4.8572187,-1.479993,2.5401583,2.937158
C1C=CC(=CC=1)N(C1=CSC2C1=CC=CC=2)C1C=CC2=C(C=1)N1C3=CC=CC=C3C3C1=C1B2C2=CC=C(C=C2N2C1=C(C=3)C1=C2C=CC=C1)N(C1=CSC2=C1C=CC=C2)C1C=CC=CC=1,-5.370665,-1.9826127,2.2366388,2.9301598
CC(C1C=CC=C(C=1)N1C(=NC2=C1C=C1N(C3=CC=CC4=C3B(C1=C2)C1SC2=C(C=1N4C1=CC=CC(=C1)C(C)(C)C)C=CC=C2)C1=CC=C2C3=C1C=CC1C3=C(C=C2)C=CC=1)C1C=CC(=CC=1)C(C)(C)C)(C)C,-4.662092,-1.870859,2.0217004,2.3357604
CC(C1=CC=CC(=C1)N1C2=CC(=CC=C2B2C3=C1C=CC=C3N(C1=C2SC2C1=CC(=CC=2)N(C1=CC=CC=C1)C1=CC=CC=C1)C1=CC=CC2=C1OC1=C2C=CC=C1)N(C1=CC=CC=C1)C1C=CC=CC=1)(C)C,-4.82207,-1.5232681,2.4192123,2.8639936
CC1C=CC(=CC=1)N1C2C=C3N=CN(C3=CC=2B2C3=C1C=C(C)C=C3N(C1C2=CC=C(C=1)C)C1C=CC(=CC=1)C)C1C=CC=CC=1,-4.8322086,-1.3955113,2.6752455,2.9910767
CC1C=C2N3C4C(C5=C3C=CC(=C5)C(C)(C)C)=CC(=CC=4B3C2=C(C=1)N1C2C3=CC(=CC=2C2=C1C=C(C=C2C(C)(C)C)C(C)(C)C)C(C)(C)C)C(C)(C)C,-5.325368,-1.988475,2.6577606,2.8012438
FC1C=CC(=CC=1)N1C2C=CC(=CC=2B2C3C1=CC=CC=3N(C1=C2C2OC3=C(C=2C(=C1)N(C1=CC=C(C=C1)C(C)(C)C)C1=CC=C(C=C1)C(C)(C)C)C=CC=C3)C1=CC=C(C=C1)C(C)(C)C)C(C)(C)C,-4.934536,-1.4401773,2.6498737,2.9626184
CC1=CC(=CC(=C1N1C2=CC(=CC=C2B2C3=C1C=C(C=C3N(C1=C2SC2C1=CC=CC=2)C1=C(C)C=C(C=C1C)C(C)(C)C)N1C2C=CC=CC=2C2C1=CC=CC=2)C1C=CC(=CC=1)C(C)(C)C)C)C(C)(C)C,-5.039258,-1.6092743,2.7528615,2.961912
CC(C1C=CC=C(C=1)C1=NC2=C(N1C1C=CC=C(C=1)C(C)(C)C)C=C1C(=C2)B2C3SC4=C(C=3N(C3=C2C(N1C1=CC=CC2=C1C1C=CC=CC=1S2)=CC(=C3)N1C2C=CC=CC=2C2C1=CC=CC=2)C1C=CC=C(C=1)C(C)(C)C)C=CC=C4)(C)C,-4.886409,-1.570719,2.6255035,2.905654
C1C=CC2=C(C=1)C1=CC3=C4C(=C1S2)N1C2C(B4C4C5N3C3C=CC=CC=3C=5C=CC=4)=CC=CC=2C2=C1C=CC=C2,-5.456104,-2.1606138,2.5610983,2.8364809
CC(C1C=CC=C(C=1)N1C2=CC=CC3=C2B(C2=C1C=C(C=C2)N(C1=CC=CC=C1)C1C=CC=CC=1)C1=C(N3C2=CC=C3C(=C2)C2=CC=CC=C2S3)C2=C(S1)C=CC=C2N(C1C=CC=CC=1)C1=CC=CC=C1)(C)C,-4.925456,-1.7528373,2.1205547,2.7240627
CC1=CC=C2C(=C1)B1C3C(N2C2=CC=CC4=C2C2C=CC=CC=2O4)=CC(=CC=3N(C2=C1SC1=C2C=CC=C1N(C1=CC=CC=C1)C1C=CC=CC=1)C1C=CC=C(C=1)C(C)(C)C)N(C1C=CC=CC=1)C1=CC=CC=C1,-4.8383293,-1.4285921,2.5849905,2.96168
FC1C=CC=CC=1N1C2=CC3=C(C=C2B2C4C1=CC=CC=4N(C1=C2SC2C1=CC=CC=2)C1C=CC=C(C=1)C(C)(C)C)N=C(N3C1C=CC=C(C=1)C(C)(C)C)C1=CC=C2C(=C1)C1C=CC=CC=1S2,-4.7795496,-1.4848126,2.5521815,2.873627
CC(C1=CC=C2C(=C1)B1C3C(N2C2=CC=CC4=C2C2C=CC=CC=2O4)=CC(=CC=3N(C2=C1SC1=C2C=CC=C1N(C1=CC=CC=C1)C1=CC=CC=C1)C1=CC=CC(=C1)C(C)(C)C)N(C1=CC=CC=C1)C1C=CC=CC=1)(C)C,-4.8452544,-1.4447957,2.5910106,2.9400895
CC1C=C(C)C(=C(C=1)C)B1C2C=CC=C3C=2N(C2C1=CC=CC=2)C1=C(B3C2C(=CC(=CC=2C(F)(F)F)C(F)(F)F)C(F)(F)F)C=CC=C1,-6.0858164,-2.446273,2.6592937,3.108552
CC1C=C2N(C3C=CC(=CC=3)C(C)(C)C)C3C=C4SC5C(C4=CC=3B3C2=C(C=1)N(C1=CC=C(C=C1)C(C)(C)C)C1=C3SC2C1=CC=C(C=2)C(C)(C)C)=CC=CC=5,-4.7541704,-1.361729,2.600721,2.9082544
FC1=CC=CC(=C1N1C2=CC=CC=C2B2C3C1=CC=CC=3N(C1=C2C2OC3=C(C=2C(=C1)N(C1C=CC=CC=1)C1C=CC=CC=1)C=CC=C3)C1C=CC=CC=1)F,-5.029622,-1.5317799,2.727313,3.032879
CC(C1=CC=C(C=C1)N1C2=CC(=CC=C2B2C3=C1C=C(C=C3N(C1=C2SC2=C1C=C(C=C2)C(C)(C)C)C1=CC=C(C=C1)C(C)(C)C)N(C1=CC=CC=C1)C1=CC=CC=C1)N(C1C=CC(=CC=1)C1C=CC=CC=1)C1C=CC(=CC=1)C1=CC=CC=C1)(C)C,-4.7860565,-1.3914088,2.5498786,2.9196897
C1=CC=C(C=C1)N(C1=CC=C2C(=C1)C1C=CC3C4C=1-B2C1SC2=C(C=1C=4C=CC=3)C=CC=C2)C1=CC=CC=C1,-5.140086,-2.6740348,1.5564429,1.9860389
CC(C1C=CC2=C(C=1)B1C3C(N2C2=CC=C4C(=C2)C2=CC=CC=C2O4)=CC(=CC=3N(C2=C1SC1C2=CC(=CC=1)N(C1=CC=CC=C1)C1=CC=CC=C1)C1=CC=CC(=C1)C(C)(C)C)N(C1C=CC=CC=1)C1C=CC=CC=1)(C)C,-4.8273973,-1.4927217,2.5017295,2.8937445
CC(C1C=CC2=C(C=1)C1=C(S2)N(C2C=CC(=CC=2)C(C)(C)C)C2=C3B1C1SC4C(C=1N(C3=CC=C2)C1C=CC(=CC=1)C(C)(C)C)=CC(=CC=4)C(C)(C)C)(C)C,-4.733156,-1.269468,2.6322675,2.9469712
CC1C=C(C)C(=C(C=1)C)N1C2=CC3OC4C(C=3C=C2B2C3=C1C=C1C5=C3N(C3=C2C=CC=C3)C2=C(B5C3=C(N1C1=C(C)C=C(C=C1C)C)C=C1C(=C3)C3=C(O1)C=CC=C3)C=CC=C2)=CC=CC=4,-5.125464,-1.6367083,2.898873,2.9879591
CC(C1C=CC(=CC=1)N1C2=CC(=CC=C2B2C3=C1C=CC=C3N(C1=C2C=CC(=C1)N(C1C=CC(=CC=1)C(C)(C)C)C1=CC=C(C=C1)C(C)(C)C)C1C=CC(=CC=1)C(C)(C)C)C1=CC=C2C(=C1)C1=CC3=CC=CC=C3C=C1O2)(C)C,-4.897602,-1.5011674,2.6464868,2.879354
CC(C1C=CC2=C(C=1)B1C3=C(N2C2C=CC=C4C=2CCCC4)C=CC=C3N(C2C1=CC(=CC=2)C(C)(C)C)C1=CC=CC2=C1CCCC2)(C)C,-4.872668,-1.3438095,2.8095062,3.00419
CC(C1C=CC2=C(C=1)C1=CC(=CC=C1N2C1=CC2=C3C(=C1)N1C4C=CC(=CC=4C4C1=C(B3C1C3N2C2=CC=C(C=C2C=3C=C(C=1)C(C)(C)C)C(C)(C)C)C=C(C=4)C(C)(C)C)C(C)(C)C)C(C)(C)C)(C)C,-5.4010205,-2.063514,2.719419,2.825271
CC(C1C=CC2=C(C=1)B1C3SC4C(C=3N(C3C1=C(N2C1=CC=C2C(=C1)C=CC=C2)C=C(C=3)N(C1=CC=CC=C1)C1=CC=CC=C1)C1C=CC=C(C=1)C(C)(C)C)=CC=C(C=4)N(C1C=CC=CC=1)C1=CC=CC=C1)(C)C,-4.772427,-1.4874394,2.3886657,2.8451374
CC(C1=CC=CC(=C1)N1C2C=C(C=CC=2B2C3=C1C=CC=C3N(C1=C2SC2C1=CC=C(C=2)N(C1C=CC=CC=1)C1=CC=CC=C1)C1=CC=CC2=C1C1C=CC=CC=1O2)N(C1=CC=CC=C1)C1C=CC=CC=1)(C)C,-4.8116655,-1.5050925,2.4563866,2.871605
CC(C1=CC=CC(=C1)N1C2=CC3=C(C=C2N=C1C1=CC=CC2=C1OC1=C2C=CC=C1)B1C2=C(N3C3=CC=CC4=C3C3C=CC=CC=3N4C3=CC=CC=C3)C=CC=C2N(C2=C1SC1=C2C=CC=C1)C1=CC=CC(=C1)C(C)(C)C)(C)C,-4.736972,-1.5126504,2.5376382,2.818013
C1C=CC(=CC=1)N(C1=CC2CCCN3C=2C(=C1)B1C2C3=CC=CC=2N2C3C1=CC(=CC=3CCC2)N(C1=CC=CC=C1)C1=CC=CC=C1)C1C=CC=CC=1,-4.7310677,-1.4743102,2.5541887,2.7990804
CC1C=CC2=C(C=1)B1C3SC4C(C=3N(C3=C1C(N2C1=CC=C2C(=C1)OC1C2=CC=CC=1)=CC(=C3)N(C1=CC=CC=C1)C1C=CC=CC=1)C1=CC=CC(=C1)C(C)(C)C)=CC(=CC=4)N(C1=CC=CC=C1)C1C=CC=CC=1,-4.8273945,-1.4873055,2.4634376,2.911063
C1C=CC2=C(-N3C4C=CC=C5C=4B(C4C3=C(O2)C=CC=4)C2C=CC=C3C=2N5-C2C=CC=CC=2O3)C=1,-5.2074547,-1.9069978,2.5721161,2.8099825
CC(C1=CC=C2C(=C1)C1=C(S2)B2C3C=CC(=CC=3N(C3=C2C(N1C1C=CC=C(C=1)C(C)(C)C)=CC(=C3)N(C1C=CC=CC=1)C1C=CC=CC=1)C1=CC=CC2=C1C1=CC=CC=C1S2)N(C1C=CC=CC=1)C1=CC=CC=C1)(C)C,-4.8577256,-1.4410025,2.6205466,2.9706624
C1=CC=C(C=C1)N1C2=CC=C3C4=C2B(C2=C1C1C=CC=CC=1O2)C1C2N4C4=C5B3C3=CC=C6C7=C3N3C5=C(C=C4C=2C=CC=1)C1=C3C(B7C2=C(N6C3=CC=CC=C3)C3C(O2)=CC=CC=3)=CC=C1,-5.236724,-1.846533,2.8361318,2.9586604
CC(C1C=CC=C(C=1)N1C2C3C=CC(=CC=3SC=2B2C3=C1C=C(C=C3N(C1C2=CC(=CC=1)C(C)(C)C)C1=CC=CC2=C1C=CC=C2)N(C1C=CC=CC=1)C1C=CC=CC=1)N(C1=CC=CC=C1)C1=CC=CC=C1)(C)C,-4.775122,-1.4992763,2.3802347,2.8312695
C1C=CC(=CC=1)N(C1=CC=C2C(=C1)N1C3=C4B2C2SC5=C(C=2N2C4=C(C=C3C3C1=CC=CC=3)C1C2=CC=CC=1)C=CC=C5)C1=CC=CC=C1,-5.2768517,-2.0116823,2.430099,2.8201797
C1=CC=C(C=C1)N1C2C=CC3=C4C=2B(C2=C1C1=CC=CC=C1S2)C1=C2N4C4C5B3C3C=CC6=C7C=3N3C=5C(=CC=4C2=CC=C1)C1C3=C(B7C2=C(N6C3C=CC=CC=3)C3=C(S2)C=CC=C3)C=CC=1,-5.2570786,-1.8961167,2.8111484,2.932468
CC(C1=CC=C(C=C1)N(C1=CC2N(C3=CC=NC=C3)C3C=CC=C4C=3B(C=2C2=C1C1C=CC=CC=1O2)C1=CC(=CC=C1N4C1C=CC(=CC=1)C(C)(C)C)C(C)(C)C)C1=CC=C(C=C1)C(C)(C)C)(C)C,-4.9069643,-1.4520978,2.6615517,2.9218633
CC(N(C1=CC2CCN3C=2C(=C1)B1C2C3=CC(=CC=2N2C3=C1C=C(C=C3CC2)N(C(C)C)C(C)C)N(C1C=CC=CC=1)C1=CC=CC=C1)C(C)C)C,-4.7148004,-1.3676202,2.5489407,2.8549335
FC1=CC=CC(=C1C1N=CC2=C(C=1)N(C1=CC=CC3=C1SC1=C3C=CC=C1)C1=C3B2C2SC4=C(C=2N(C3=CC(=C1)N1C2=CC=CC=C2C2=C1C=CC=C2)C1=CC=CC2=C1C1C=CC=CC=1C1C2=CC=CC=1)C=CC=C4)F,-5.270215,-1.8163441,2.7015479,3.0458102
CC(C1=CC=C(C=C1)N1C2C=C(C=CC=2B2C3=C1C=CC=C3N(C1=C2C2OC3C(C=2C(=C1)C1C=CC(=CC=1)C(C)(C)C)=CC=CC=3)C1=CC=C(C=C1)C(C)(C)C)N(C1C=CC(=CC=1)C(C)(C)C)C1=CC=C(C=C1)C(C)(C)C)(C)C,-4.7923117,-1.4023819,2.5885334,2.8389666
CC(C1C=CC=C(C=1)N1C(=NC2C1=CC1=C(C=2)B2C3=C(N1C1=CC=CC4=C1C1C=CC=CC=1N4C1C=CC=CC=1)C=CC=C3N(C1=C2SC2=C1C=CC=C2)C1=CC=CC(=C1)C(C)(C)C)C1=CC=C2C(=C1)C1=CC=CC=C1O2)(C)C,-4.7154956,-1.4870875,2.5467343,2.8194027
C1=CC=C(C=C1)N(C1=CC=C2C(=C1)B(C1C=CC(=CC=1)N(C1C=CC=CC=1)C1=CC=CC=C1)C1C2=CC2=C(C=1)C1=C(B2C2C=CC(=CC=2)N(C2=CC=CC=C2)C2C=CC=CC=2)C=C(C=C1)N(C1=CC=CC=C1)C1C=CC=CC=1)C1C=CC=CC=1,-4.7385044,-2.7227376,1.1739585,1.5304301
CCC(C1=CC2B3C4C(N5C=2C(=C1)C1=CC(=CC=C51)C(CC)(C)C)=CC=CC=4N1C2C3=CC(=CC=2C2C1=CC=C(C=2)C(CC)(C)C)C(CC)(C)C)(C)C,-5.417424,-2.0554311,2.688564,2.8279064
CC(C1C=CC=C(C=1)N1C(=NC2C1=CC1N(C3=CC=C(C=C3)C(F)(F)F)C3C=CC=C4C=3B(C=1C=2)C1SC2=C(C=1N4C1C=CC=C(C=1)C(C)(C)C)C=CC=C2)C1=CC=C2C(=C1)OC1=C2C=CC=C1)(C)C,-4.8901486,-1.6299884,2.321543,2.8366358
CC(C1C=CC(=CC=1)N1C2C=C(C=CC=2B2C3C1=CC=CC=3N(C1C2=CC=C(C=1)N(C1=CC=C2C(=C1)C1=CC=CC=C1O2)C1C=CC(=CC=1)C(C)(C)C)C1C=CC(=CC=1)C(C)(C)C)N(C1=CC=C2C(=C1)C1=CC=CC=C1O2)C1C=CC(=CC=1)C(C)(C)C)(C)C,-4.8183293,-1.4212329,2.67092,2.8842468
C1=CC=C(C=C1)N1C2=CC=CC3=C2B(C2=C1C=CC=C2)C1=CC=CC=C1N3C1C=CC=CC=1,-5.0573845,-1.5242993,2.805009,3.052695
CC1=CC=C2C(=C1)N(C1=CC=C3C(=C1)OC=C3)C1C3B2C2C=CC(=CC=2N(C=3C=CC=1)C1=CC=C2C(=C1)C=CO2)C,-4.95389,-1.2878858,2.827363,3.1334465
CC(C1=CC=C2C(=C1)B1C3SC4=C(C=3N(C3C1=C(N2C1=CC=CC2=C1C1C=CC=CC=1O2)C=C(C=3)N(C1=CC=CC=C1)C1C=CC=CC=1)C1C=CC=C(C=1)C(C)(C)C)C=CC(=C4)N(C1C=CC=CC=1)C1C=CC=CC=1)(C)C,-4.810332,-1.4584256,2.5244422,2.9048464
CC(C1C=CC=C(C=1)N1C(=NC2C1=CC1N(C3C=C(C=C4C=3B(C=1C=2)C1SC2=C(C=1N4C1=CC=CC(=C1)C(C)(C)C)C=CC=C2)N1C2=CC=CC=C2C2=C1C=CC=C2)C1=CC=CC2=C1C1C=CC=CC=1S2)C1C=CC2=C(C=1)C=CC=C2)(C)C,-4.9220247,-1.6388704,2.552933,2.889668
FC1C=CC=CC=1C1=NC=C2C(=C1)N(C1C=CC=C(C=1)C(C)(C)C)C1=C3B2C2SC4=C(C=2N(C3=CC=C1)C1=CC=C2C(=C1)C1=CC=CC=C1O2)C=CC=C4,-5.0719466,-1.6585068,2.5555449,2.9740398
CC(C1=CC=CC(=C1)N1C2=CC3=C(C=C2B2C4=C1C=CC=C4N(C1=C2SC2=C1C=CC=C2)C1=CC=CC(=C1)C(C)(C)C)N=C(N3C1C=CC=C(C=1)C(C)(C)C)C1=CC=CC2=C1C1C=CC=CC=1S2)(C)C,-4.723268,-1.468429,2.4728312,2.816147
CC1=CC=C2C(=C1)C1=C(S2)B2C3C=CC(=CC=3N(C3=C2C(N1C1=CC=CC(=C1)C(C)(C)C)=CC(=C3)N(C1=CC=CC=C1)C1C=CC=CC=1)C1=CC=C2C(=C1)C1=CC=CC=C1O2)N(C1=CC=CC=C1)C1=CC=CC=C1,-4.8112583,-1.437096,2.5372581,2.9464147
CC(C1=CC=CC(=C1)N1C2=CC(=NC=C2B2C3=C1C=CC=C3N(C1=C2SC2=C1C=CC=C2)C1=CC=CC(=C1)C(C)(C)C)C1C=CC=CC=1F)(C)C,-5.07303,-1.6167837,2.5930786,2.9931996
CC(C1=CC2OC3=CC(=CC=C3-N3C=2C(=C1)B1C2=C3C=CC=C2N2-C3=CC=C(C=C3OC3C2=C1C=C(C=3)C(C)(C)C)C(C)(C)C)C(C)(C)C)(C)C,-5.0420704,-1.7637763,2.4590402,2.7082515
CC1C=CC2=C(C=1)C1=C(S2)B2C3C=CC(=CC=3N(C3C2=C(N1C1C=CC=C(C=1)C(C)(C)C)C=C(C=3)N(C1C=CC=CC=1)C1=CC=CC=C1)C1=CC=CC2=C1OC1=C2C=CC=C1)N(C1=CC=CC=C1)C1=CC=CC=C1,-4.8128395,-1.4145247,2.548525,2.9621508
CC(C1=CC=CC(=C1)N1C2=CC=CC3=C2B(C2=C1C1=CC=CC(=C1S2)N(C1C=CC=CC=1)C1=CC=CC=C1)C1=C(N3C2=CC=C3C(=C2)C2C=CC=CC=2S3)C=C(C=C1)N(C1=CC=CC=C1)C1C=CC=CC=1)(C)C,-4.804583,-1.5187303,2.3791313,2.8581536
CC(C1=CC=C(C=C1)N1C2C=C(C=CC=2B2C3C1=CC(OC1C=CC=CC=1)=CC=3N(C1=C2C=C2C(=C1)OC1C2=CC=CC=1)C1C=CC(=CC=1)C(C)(C)C)N(C1C=CC(=CC=1)C(C)(C)C)C1=CC=C(C=C1)C(C)(C)C)(C)C,-4.7703934,-1.1895728,2.8258042,3.0433695
CC(C1=CC=C2C(=C1)C1=C3B(N2C2=CC=C(C=C2)C(C)(C)C)C2C=CC=CC=2N2C3=C3C(=C1N1C4C=CC=CC=4C4=C1C=CC=C4)C1C=C(C=CC=1N(B3C1C2=CC=CC=1)C1C=CC(=CC=1)C(C)(C)C)C(C)(C)C)(C)C,-5.0903172,-1.7059494,2.589695,2.8553972
CC(C1C=CC(=CC=1)N1C2OC=C3C=2B(C2=C1C=CC=C2)C1=C(N3C2C=CC(=CC=2)C(C)(C)C)C=CC=C1)(C)C,-4.770237,-1.2831415,2.3636363,2.9639206
C1CCC2=C(C1)N1C3=CC=CC4=C3B(C3=C1C2=CC=C3)C1=CC=CC2=C1N4C1CCCCC2=1,-5.3494325,-1.9368231,2.6784437,2.927097
CC1C=CC2=C(C=1)B1C3=C(N2C2=CC=C4C(=C2)C=CC=C4)C=C(C=C3N(C2=C1SC1=C2C(=CC=C1)N(C1C=CC=CC=1)C1=CC=CC=C1)C1C=CC=C(C=1)C(C)(C)C)N(C1=CC=CC=C1)C1C=CC=CC=1,-4.929761,-1.6936767,2.2053938,2.7749817
CC(C1=CC=C2C(=C1)B1C3C(N2C2=CC=C4C(=C2)C2=CC=CC=C2O4)=CC(=CC=3N(C2=C1SC1=C2C(=CC=C1)N(C1=CC=CC=C1)C1=CC=CC=C1)C1=CC=CC(=C1)C(C)(C)C)N(C1=CC=CC=C1)C1C=CC=CC=1)(C)C,-4.939275,-1.7144412,2.2444108,2.7536933
CC(C1=CC=C(C=C1)N1C2=CC(N(C3=CC=C4C(=C3)C3=CC=CC=C3O4)C3C=CC4=C(C=3)C3C=CC=CC=3O4)=C3C(=C2B2C4=C1C=CC=C4N(C1=C2C=C2C(=C1)OC1C2=CC=CC=1)C1=CC=C(C=C1)C(C)(C)C)OC1=C3C=CC=C1)(C)C,-4.879218,-1.5034162,2.654105,2.899133
CC(C1C=CC2=C(C=1)B1C3SC4C(C=3N(C3C1=C(N2C1=CC=CC2=C1OC1=C2C=CC=C1)C=C(C=3)N(C1C=CC=CC=1)C1C=CC=CC=1)C1C=CC=C(C=1)C(C)(C)C)=CC=CC=4N(C1=CC=CC=C1)C1C=CC=CC=1)(C)C,-4.8191586,-1.4433947,2.5348275,2.9180481
FC1=CC=CC=C1C1N=CC2=C(C=1)N(C1=CC=CC(=C1)C(C)(C)C)C1=C3B2C2SC4C(C=2N(C3=CC=C1)C1=CC=CC2=C1C1C=CC=CC=1S2)=CC=CC=4,-5.126442,-1.6653842,2.5933416,3.012703
CC(C1C=CC2=C(C=1)B1C3SC4C(C=3N(C3C1=C(N2C1=CC=CC2=C1C=CC=C2)C=C(C=3)N(C1C=CC=CC=1)C1=CC=CC=C1)C1C=CC=C(C=1)C(C)(C)C)=CC=CC=4N(C1=CC=CC=C1)C1C=CC=CC=1)(C)C,-4.805705,-1.4874605,2.4416332,2.8611655
FC(C1C=CC(=CC=1)N1C2=CC3=C(C=C2B2C4=C1C=CC=C4N(C1=C2SC2=C1C=CC=C2)C1C=CC=C(C=1)C(C)(C)C)N=C(N3C1C=CC=C(C=1)C(C)(C)C)C1=CC=CC2=C1C=CC=C2)(F)F,-4.8803334,-1.6024563,2.3054643,2.8534915
CC(C1C=CC=C(C=1)N1C(=NC2=C1C=C1N(C3=CC=NC=C3)C3C=C(C=C4C=3B(C1=C2)C1SC2C(C=1N4C1C=CC=C(C=1)C(C)(C)C)=CC=CC=2)N1C2=CC=CC=C2C2=C1C=CC=C2)C1=CC=C2C(=C1)C=CC=C2)(C)C,-4.9686365,-1.6984906,2.5568047,2.876188
CC1C=CC2=C(C=1)B1C3SC4C(C=3N(C3=C1C(N2C1=CC=CC2=C1C1=CC=CC=C1S2)=CC(=C3)N(C1=CC=CC=C1)C1=CC=CC=C1)C1=CC=CC(=C1)C(C)(C)C)=CC=C(C=4)N(C1=CC=CC=C1)C1C=CC=CC=1,-4.803197,-1.4421464,2.5307503,2.929258
CC(C1C=CC=C(C=1)N1C2C=C(N(C3=CC=C(C=C3)C(C)(C)C)C3C=CC(=CC=3)C(C)(C)C)C3=C(C=2B2C4=C1C=CC=C4N(C1=C2C=CC(=C1)C(C)(C)C)C1=CC=CC(=C1)C(C)(C)C)OC1=C3C=CC=C1)(C)C,-4.8181243,-1.341202,2.6884623,2.935572
C1=CC=C2C(-N3C4=CC=CC5=C4B(C4=C3C(S2)=CC=C4)C2=CC=CC3=C2N5-C2C=CC=CC=2S3)=C1,-5.2728367,-2.0141764,2.5234747,2.7868383
CC1=CC(=CC(=C1B1C2C=CC=C3C=2N(C2C1=CC=CC=2)C1=C(B3C2=C(C)C=C(C=C2C)N2C3C=CC=CC=3C3C2=CC=CC=3)C=CC=C1)C)N1C2C=CC=CC=2C2C1=CC=CC=2,-5.584203,-2.4804237,2.469419,2.6803868
CC(C1C=CC(=CC=1)N1C2=CC(=CC=C2B2C3=C1C=CC=C3N(C1=C2C=C(C=C1)C(C)(C)C)C1=CC=C(C=C1)C(C)(C)C)N(C1=CC=C2C(=C1)C1=CC=CC=C1O2)C1C=CC(=CC=1)C(C)(C)C)(C)C,-4.820629,-1.3898978,2.6719465,2.910585
CC(C1C=CC2=C(C=1)B1C3=C(N2C2C=CC=CC=2C2CCCC2)C=CC=C3N(C2C1=CC(=CC=2)C(C)(C)C)C1=CC=CC=C1C1CCCC1)(C)C,-4.955638,-1.4179872,2.7900639,3.0048304
CC(C1=CC=CC(=C1)N1C2=CC(=CC=C2B2C3=C1C=CC=C3N(C1=C2SC2C1=CC=CC=2N(C1C=CC=CC=1)C1C=CC=CC=1)C1=CC=CC(=C1)C(C)(C)C)N(C1=CC=CC=C1)C1C=CC=CC=1)(C)C,-4.7905903,-1.4274303,2.5510778,2.9052026
CC(C1C=CC=C(C=1)N1C2C3=CC(=CC=C3SC=2B2C3C1=CC=CC=3N(C1C2=CC=C(C=1)N(C1=CC=CC=C1)C1=CC=CC=C1)C1C=CC=C(C=1)C(C)(C)C)N(C1=CC=CC=C1)C1=CC=CC=C1)(C)C,-4.803688,-1.4799103,2.4941826,2.8746328
CC(C1C=CC2=C(C=1)B1C3=C4N2C2=CC=CC5=C2B(C4=C2C(=C3N(C3C1=CC(=CC=3)C(C)(C)C)C1C=CC(=CC=1)C(C)(C)C)C1=CC=CC=C1O2)C1C2N5C3=CC=CC=C3B3C=2C(=C2C=1OC1=C2C=CC=C1)N(C1=C3C=C(C=C1)C(C)(C)C)C1C=CC(=CC=1)C(C)(C)C)(C)C,-4.815525,-1.628883,2.5647573,2.631679
CC1C=C(C)C(=C(C=1)C)B1C2=CC=CC3=C2N(C2=C1C=CC=C2)C1C(B3C2C(C)=CC(=CC=2C)N2C3C=CC=CC=3C3C2=CC=CC=3)=CC=CC=1,-5.5998974,-2.3372605,2.5323892,2.8051689
CC(C1=CC=CC(=C1)N1C2=CC(=CC=C2B2C3=C1C=CC=C3N(C1=C2SC2C1=C(C=CC=2)N(C1=CC=CC=C1)C1C=CC=CC=1)C1C=CC2=C(C=1)C=CC=C2)N(C1=CC=CC=C1)C1C=CC=CC=1)(C)C,-4.922227,-1.730781,2.1581142,2.7334726
CC(C1C=CC=C(C=1)C1=NC2=C(N1C1=CC=CC(=C1)C(C)(C)C)C=C1C(=C2)B2C3C(N1C1=CC=C4C(=C1)OC1=C4C=CC=C1)=CC=CC=3N(C1=C2SC2=C1C=CC=C2)C1=CC=CC(=C1)C(C)(C)C)(C)C,-4.703144,-1.4892493,2.4475431,2.7781222
CC1=CC=C2C(=C1)B1C3SC4=C(C=3N(C3C1=C(N2C1=CC=CC(=C1)C(C)(C)C)C=C(C=3)N(C1=CC=CC=C1)C1=CC=CC=C1)C1C=CC=C(C=1)C(C)(C)C)C(=CC=C4)N(C1=CC=CC=C1)C1C=CC=CC=1,-4.9328575,-1.6471944,2.3163195,2.8031652
FC1C=CC=CC=1N1C2=CC3=C(C=C2B2C4C1=CC=CC=4N(C1=C2SC2C1=CC=CC=2)C1C=CC=C(C=1)C(C)(C)C)N=C(N3C1C=CC=C(C=1)C(C)(C)C)C1=CC=CC2=C1C1C=CC=CC=1O2,-4.8041725,-1.4850949,2.6079035,2.8873985
CC1C=CC(=CC=1)N1C2C=C(C)C=CC=2B2C3C1=CC1C=COC=1C=3N(C1C2=CC=C(C=1)C)C1C=CC(=CC=1)C,-4.865677,-1.3233961,2.6354375,3.032829
CC(C1=CC=CC(=C1)N1C(=NC2=C1C=C1N(C3=CC=CC4=C3B(C1=C2)C1SC2C(C=1N4C1C=CC=C(C=1)C(C)(C)C)=CC=CC=2)C1C=CC2=C3C=1C=CC1=C3C(C=C2)=CC=C1)C1=CC=C2C(=C1)C1=CC=CC=C1S2)(C)C,-4.729718,-1.9514784,1.9670125,2.3487282
CC(C1C=CC2=C(C=1)B1C3SC4=C(C=3N(C3C1=C(N2C1=CC=CC2=C1C1C=CC=CC=1O2)C=C(C=3)N(C1=CC=CC=C1)C1=CC=CC=C1)C1C=CC=C(C=1)C(C)(C)C)C=C(C=C4)N(C1=CC=CC=C1)C1=CC=CC=C1)(C)C,-4.863988,-1.4965308,2.5456796,2.9151278
CC1C=C(C=CC=1N(C1=CC=C(C=C1C)C1C=CC=CC=1)C1=CC=C2C(=C1)N(C1C=CC(=CC=1)C(C)(C)C)C1=C3B2C2C=C4C(=CC=2N(C3=CC=C1)C1=CC=C(C=C1)C(C)(C)C)OC1=C4C=CC=C1)C1C=CC=CC=1,-4.8871746,-1.472628,2.658918,2.9228168
CC1=CC=C2C(=C1)B1C3SC4=C(C=3N(C3=C1C(N2C1=CC=CC2=C1C=CC=C2)=CC(=C3)N(C1C=CC=CC=1)C1C=CC=CC=1)C1C=CC=C(C=1)C(C)(C)C)C=C(C=C4)N(C1C=CC=CC=1)C1=CC=CC=C1,-4.8087254,-1.5073212,2.3979473,2.864808
CC(C1C=CC=C(C=1)N1C(=NC2C1=CC1N(C3=CC=C4C(=C3)OC3=C4C=CC=C3)C3=CC=CC4=C3B(C=1C=2)C1SC2C(C=1N4C1C=CC=C(C=1)C(C)(C)C)=CC=CC=2)C1=CC=CC2=C1C=CC=C2)(C)C,-4.757161,-1.5547876,2.4221144,2.7847986
CC(C1C=CC2=C(C=1)B1C3=CC4N(C5=CC=C(C=C5)C(C)(C)C)C5=C(C=4C=C3N(C3=C1C(N2C1=CC=C(C2=C1OC1C2=CC=CC=1)N(C1=CC=C(C=C1)C(C)(C)C)C1=CC=C(C=C1)C(C)(C)C)=CC=C3)C1=CC=C(C=C1)C(C)(C)C)C=CC=C5)(C)C,-4.6844845,-1.4849894,2.4168706,2.6972928
CCC(C1C=CC2=C(C=1)B1C3=C(N2C2=CC=C(C=C2)C(CC)(C)C)C=CC=C3N(C2C1=CC(=CC=2)C(CC)(C)C)C1=CC=C(C=C1)C(CC)(C)C)(C)C,-4.8672686,-1.3290788,2.8373833,2.9890103
CC1=CC=C2C(=C1)B1C3=C(N2C2=CC=C4C(=C2)C2=CC=CC=C2O4)C=C(C=C3N(C2=C1SC1=C2C(=CC=C1)N(C1=CC=CC=C1)C1=CC=CC=C1)C1=CC=CC(=C1)C(C)(C)C)N(C1=CC=CC=C1)C1C=CC=CC=1,-4.93313,-1.6983047,2.239241,2.7759116
CC(C1C=CC=C(C=1)N1C(=NC2C1=CC1N(C3=CC=NC=C3)C3C=C(C=C4C=3B(C=1C=2)C1SC2C(C=1N4C1C=CC=C(C=1)C(C)(C)C)=CC=CC=2)N1C2C=CC=CC=2C2C1=CC=CC=2)C1C=CC2=C(C=1)OC1C2=CC=CC=1)(C)C,-4.977116,-1.7032377,2.5987742,2.8824036
CC(C1=CC=C(C=C1)N1C2C=CC=C3C=2B(C2C1=C1OC4C(C1=C(C=2)N(C1C=CC(=CC=1)C(C)(C)C)C1C=CC(=CC=1)C(C)(C)C)=CC=CC=4)C1=CC(N(C2=CC=C(C=C2)C(C)(C)C)C2C=CC(=CC=2)C(C)(C)C)=C2C(=C1N3C1=CC=C(C=C1)C(C)(C)C)OC1=C2C=CC=C1)(C)C,-4.781374,-1.5768925,2.3958547,2.6313846
CC(C1C=CC2=C(C=1)B1C3SC4C(C=3N(C3C1=C(N2C1=CC=CC2=C1OC1=C2C=CC=C1)C=C(C=3)N(C1=CC=CC=C1)C1=CC=CC=C1)C1C=CC=C(C=1)C(C)(C)C)=CC=C(C=4)N(C1C=CC=CC=1)C1C=CC=CC=1)(C)C,-4.7774,-1.452155,2.461052,2.8809738
FC1=CC=CC(=C1C1N=CC2=C(C=1)N(C1=CC=C3C(=C1)C1C=CC=CC=1S3)C1=C3B2C2SC4=C(C=2N(C3=CC(=C1)N1C2C=CC=CC=2C2C1=CC=CC=2)C1=CC=NC=C1)C=CC=C4)F,-5.318033,-1.8816906,2.6413722,3.0374804
CC(C1C=CC(=CC=1)N(C1C=CC2=C(C=1)B1C3C(N2C2C=CC(=CC=2)C(C)(C)C)=CC=CC=3N(C2C1=C1OC3C(C1=CC=2)=CC=CC=3)C1C=CC(=CC=1)C(C)(C)C)C1=CC=C(C=C1)C(C)(C)C)(C)C,-4.6700754,-1.3892623,2.4469721,2.765445
CC(C1=CC=C(C=C1)N1C2C=C(C=CC=2B2C3C1=CC=CC=3N(C1C2=CN=C(C=1)N(C1=CC=C(C=C1)C(C)(C)C)C1C=CC(=CC=1)C(C)(C)C)C1=CC=C(C=C1)C(C)(C)C)N(C1C=CC(=CC=1)C(C)(C)C)C1=CC=C(C=C1)C(C)(C)C)(C)C,-4.7964087,-1.3136444,2.721725,2.9235623
CC(C1=CC=CC(=C1)N1C2=CC3N(C4C=CC5=C(C=4)OC4C5=CC=CC=4)C4C=CC=C5C=4B(C=3C=C2N=C1C1C=CC=C2C=1C1=CC=CC=C1O2)C1SC2=C(C=1N5C1C=CC=C(C=1)C(C)(C)C)C=CC=C2)(C)C,-4.7747474,-1.5367318,2.4815605,2.8123355
CC(C1C=CC=C(C=1)N1C2C=C3N(C4C=CN=CC=4)C4=CC(=CC5=C4B(C3=CC=2N=C1C1=CC=CC2=C1C1C=CC=CC=1S2)C1SC2C(C=1N5C1C=CC=C(C=1)C(C)(C)C)=CC=CC=2)N1C2C=CC=CC=2C2C1=CC=CC=2)(C)C,-4.980751,-1.6619655,2.6044002,2.925989
CC(C1C=CC2=C(C=1)C1C=C(C=CC=1N2C1C2C3C=CC=C4C=3N(B3C=2C2=C5C=1C1=CC=CC6=C1N(B5C1=C5N2C2=C3C=C(C=C2C5=CC(=C1)C(C)(C)C)C(C)(C)C)C1=C6C=CC=C1)C1=C4C=CC=C1)C(C)(C)C)(C)C,-5.3777256,-2.1478965,2.5045779,2.7401898
CC(C1C=CC=C(C=1)N1C2C=C(C=CC=2B2C3=C1C=CC=C3N(C1=C2SC2C1=CC=C(C=2)N(C1=CC=CC=C1)C1=CC=CC=C1)C1=CC=C2C(=C1)C1C=CC=CC=1S2)N(C1C=CC=CC=1)C1=CC=CC=C1)(C)C,-4.7878532,-1.530018,2.3393452,2.840095
CC1C=CC=CC=1C1=CC=CC(=C1)OC1=CC2OC3=CC(=CC=C3B3C=2C(=C1)OC1C3=CC=C(C=1)C1C=CC=CC=1C)C1C=CC=CC=1C,-5.916883,-1.965138,3.1366053,3.4153502
CC(C1=CC=CC(=C1)N1C(=NC2C1=CC1N(C3=CC=NC=C3)C3C=C(C=C4C=3B(C=1C=2)C1SC2C(C=1N4C1=CC=CC(=C1)C(C)(C)C)=CC=CC=2)N1C2C=CC=CC=2C2C1=CC=CC=2)C1C=CC(=CC=1)C(C)(C)C)(C)C,-4.9231653,-1.5952755,2.66857,2.9108572
CC(C1=CC=CC(=C1)N1C2C3C=CC(=CC=3SC=2B2C3=C1C=C(C=C3N(C1C2=CC(=CC=1)C(C)(C)C)C1C=CC=C(C=1)C(C)(C)C)N(C1C=CC=CC=1)C1C=CC=CC=1)N(C1C=CC=CC=1)C1=CC=CC=C1)(C)C,-4.7533603,-1.4051641,2.53347,2.8908637
CC(C1C=CC2=C(C=1)B1C3C(N2C2=CC=C4C(=C2)C2C=CC=CC=2S4)=CC(=CC=3N(C2=C1SC1C2=CC(=CC=1)N(C1C=CC=CC=1)C1=CC=CC=C1)C1C=CC=C(C=1)C(C)(C)C)N(C1=CC=CC=C1)C1=CC=CC=C1)(C)C,-4.837232,-1.512922,2.4406323,2.888426
CC(C1=CC2C3C(=C4C5=C6C=3B(N3C=2C(=C1)C1=CC(=CC=C31)C(C)(C)C)C1C=CC=CC=1N6C1C(B5N2C3=C4C=C(C=C3C3C2=CC=C(C=3)C(C)(C)C)C(C)(C)C)=CC=CC=1)N1C2=CC=CC=C2C2C1=CC=CC=2)(C)C,-5.4013667,-2.0724478,2.5614538,2.8045845
CC(C1=CC=C2C(=C1)B1C3SC4C(C=3N(C3C1=C(N2C1C=CC2=C(C=1)OC1=C2C=CC=C1)C=C(C=3)N(C1=CC=CC=C1)C1=CC=CC=C1)C1C=CC=C(C=1)C(C)(C)C)=CC=CC=4N(C1=CC=CC=C1)C1C=CC=CC=1)(C)C,-4.812764,-1.4711732,2.4922261,2.892071
C1=CC=C(C=C1)N(C1=COC2C1=CC=CC=2)C1C=CC2=C(C=1)N1C3=CC=CC=C3C3C1=C1B2C2=CC=C(C=C2N2C1=C(C=3)C1=C2C=CC=C1)N(C1=COC2=C1C=CC=C2)C1C=CC=CC=1,-5.339618,-1.8839961,2.2682602,2.9537518
CC(C1C=CC(=CC=1)N1C2C=C(N(C3=CC=C(C=C3)C(C)(C)C)C3=CC=C(C=C3)C(C)(C)C)C3=C(C=2B2C4=C1C=CC=C4N(C1=C2C=C(C=C1)C(C)(C)C)C1C=CC=C(C=1)F)OC1=C3C=CC=C1)(C)C,-4.9396524,-1.4665622,2.6420803,2.9467604
CC1(C)C2C=CC=CC=2N(C2=C1C=CC=C2)C1=CC=C2C(=C1)OC1C3B2C2=CC=C(C=C2OC=3C=CC=1)N1C2C=CC=CC=2C(C2=C1C=CC=C2)(C)C,-5.281698,-2.2622795,2.2102847,2.5278897
CC(C1=CC=CC(=C1)N1C2C3=CC=CC(=C3SC=2B2C3C1=CC=CC=3N(C1=C2C=CC(=C1)N(C1C=CC=CC=1)C1C=CC=CC=1)C1=CC=CC2=C1OC1=C2C=CC=C1)N(C1C=CC=CC=1)C1=CC=CC=C1)(C)C,-4.8043222,-1.4635199,2.4807334,2.898732
CC(C1C=CC(=CC=1)N1C2=CC(=CC=C2B2C3=C1C=CC=C3N(C1=C2C=C(C=C1)C(C)(C)C)C1C=CC(=CC=1)C(C)(C)C)N(C1=CC=CC2=C1OC1=C2C=CC=C1)C1C=CC(=CC=1)C(C)(C)C)(C)C,-4.8361096,-1.3604683,2.6991289,2.9468873
CC(C1C=CC(=CC=1)N1C2=CC(N(C3C=CC(=CC=3)C(C)(C)C)C3=CC=C(C=C3)C(C)(C)C)=C3C(=C2B2C4C1=CC=CC=4N(C1C2=CC(N(C2=CC=C(C=C2)C(C)(C)C)C2C=CC(=CC=2)C(C)(C)C)=C2C=1OC1=C2C=CC=C1)C1=CC=C(C=C1)C(C)(C)C)OC1C3=CC=CC=1)(C)C,-4.7939935,-1.5105425,2.4388187,2.7116249
C1C=CC(=CC=1)C1=CC=C2C(=C1)OC1C3B2C2=CC=C(C=C2OC=3C=CC=1)C1=CC=CC=C1,-5.8328376,-2.0797212,2.9676304,3.247131
CC(C1=CC=CC(=C1)N1C2=CC3N(C4C=CC=C5C=4B(C=3C=C2N=C1C1=CC=CC2=C1C1C=CC=CC=1O2)C1SC2C(C=1N5C1C=CC=C(C=1)C(C)(C)C)=CC=CC=2)C1=CC=C2C3=C1C=CC1C3=C(C=C2)C=CC=1)(C)C,-4.7461576,-1.9500312,2.0176365,2.3570755
CC1=CC=C2C(=C1)B1C3SC4=C(C=3N(C3=C1C(N2C1=CC=CC(=C1)C(C)(C)C)=CC(=C3)N(C1=CC=CC=C1)C1=CC=CC=C1)C1C=CC=C(C=1)C(C)(C)C)C=C(C=C4)N(C1=CC=CC=C1)C1C=CC=CC=1,-4.81617,-1.4302886,2.556648,2.9334452
CC1=CC=C2C(=C1)B1C3SC4=C(C=3N(C3C1=C(N2C1C=CC(=CC=1)C(C)(C)C)C=C(C=3)N(C1C=CC=CC=1)C1C=CC=CC=1)C1C=CC=C(C=1)C(C)(C)C)C=CC(=C4)N(C1C=CC=CC=1)C1C=CC=CC=1,-4.7375517,-1.360932,2.5553145,2.9248626
CC(C1C=CC2=C(C=1)B1C3=C(N2C2=CC=C4C(=C2)C2C=CC=CC=2S4)C=C(C=C3N(C2=C1SC1C2=CC=C(C=1)N(C1C=CC=CC=1)C1=CC=CC=C1)C1C=CC=C(C=1)C(C)(C)C)N(C1C=CC=CC=1)C1C=CC=CC=1)(C)C,-4.8030343,-1.4972334,2.4079924,2.8732116
CC(C1=CC=CC(=C1)N1C2=CC=CC3=C2B(C2=C1C1=CC=CC(=C1S2)N(C1C=CC=CC=1)C1=CC=CC=C1)C1=C(N3C2=CC=C3C(=C2)C=CC=C3)C=C(C=C1)N(C1C=CC=CC=1)C1=CC=CC=C1)(C)C,-4.7830505,-1.5069535,2.3788614,2.8383715
CC(C1=CC=CC(=C1)N1C2=CC3=C(C=C2B2C4C1=CC=CC=4N(C1=C2SC2C1=CC=CC=2)C1C=CC=C(C=1)C(C)(C)C)N=C(N3C1=CC=CC(=C1)C(C)(C)C)C1=CC=CC2=C1C1C=CC=CC=1O2)(C)C,-4.744732,-1.4782437,2.5256715,2.819726
CC(C1C=CC=C(C=1)N1C2C=C3C(=CC=2B2C4C1=CC(=CC=4N(C1=C2SC2C1=CC=CC=2)C1=CC=CC(=C1)C(C)(C)C)N1C2=CC=CC=C2C2=C1C=CC=C2)N=C(N3C1C=CC=C(C=1)C(C)(C)C)C1=CC=C2C(=C1)C1=CC=CC=C1O2)(C)C,-4.8507857,-1.5433449,2.6384816,2.8990827
CC(C1=CC=C2C(=C1)B1C3C=C(C=CC=3N3C4C1=C(N2C1=CC=C(C=C1)C(C)(C)C)C1C2C=CC=CC=2OC=1C=4B1C2C3=CC=CC=2OC2C1=CC(=CC=2)C(C)(C)C)C(C)(C)C)(C)C,-5.0738297,-1.66228,2.6018338,2.870556
CC(C1=CC=CC(=C1)N1C2=CC(=CC3=C2B(C2=C1C1=CC(=CC=C1S2)C(C)(C)C)C1=C(N3C2=CC=C3C(=C2)C2C=CC=CC=2S3)C=C(C=C1)N(C1=CC=CC=C1)C1=CC=CC=C1)N(C1C=CC=CC=1)C1=CC=CC=C1)(C)C,-4.842512,-1.4849678,2.4856992,2.9230835
CC1=CC=C2C(=C1)B1C3SC4C(C=3N(C3=C1C(N2C1=CC=CC(=C1)C(C)(C)C)=CC(=C3)N(C1C=CC=CC=1)C1C=CC=CC=1)C1=CC=CC(=C1)C(C)(C)C)=CC=CC=4N(C1C=CC=CC=1)C1C=CC=CC=1,-4.80637,-1.3949302,2.6007562,2.9484758
CC(C1C=CC=C(C=1)N1C2=CC=CC3=C2B(C2=C1C=C(C=C2)N(C1=CC=CC=C1)C1=CC=CC=C1)C1=C(N3C2=CC=C3C(=C2)OC2C3=CC=CC=2)C2=C(S1)C=CC=C2N(C1C=CC=CC=1)C1=CC=CC=C1)(C)C,-4.9318743,-1.7380359,2.1702113,2.7375562
CC1(C)C2C=C3C(=CC=2-C2C1=CC=CC=2)C1=C2N3C3C=CC=C4C=3B(C2=CC=C1)C1C=CC=C2C=1N4C1=CC3=C(-C4C(C3(C)C)=CC=CC=4)C=C21,-5.462571,-2.247103,2.6293368,2.7769217
CC1=CC=C2C(=C1)B1C3SC4=C(C=3N(C3=C1C(N2C1=CC=CC2=C1OC1=C2C=CC=C1)=CC(=C3)N(C1=CC=CC=C1)C1=CC=CC=C1)C1=CC=CC(=C1)C(C)(C)C)C=CC(=C4)N(C1=CC=CC=C1)C1=CC=CC=C1,-4.77033,-1.4380533,2.4535244,2.9000556
C1C=CC2=C(C=1)N1C3C=C(C=CC=3B3C4C1=C2C=C1C=4N(C2C1=CC=CC=2)C1C3=CC=C(C=1)N(C1=CC=C2C(=C1)C=CC=C2)C1=CC=C2C(=C1)C=CC=C2)N(C1C=CC2=C(C=1)C=CC=C2)C1=CC=C2C(=C1)C=CC=C2,-5.329612,-2.0146368,2.4911354,2.8728049
CC(C1C=CC(=CC=1)N(C1C=CC2=C(C=1)N(C1=CC=C(C=C1)C(C)(C)C)C1=C3B2C2=CC4OC5C(C=4C=C2N(C3=CC=C1)C1=CC=C(C=C1)C(C)(C)C)=CC1C(C=5)=CC=CC=1)C1C=CC(=CC=1)C(C)(C)C)(C)C,-4.8648725,-1.4997702,2.619691,2.8524268
C1=CC=C(C=C1)N1C2C=CC(=CC=2C2C1=CC=CC=2)C1=CC=C2C(=C1)C1=CC=CC3=C1N2C1=CC=CC2=C1B3C1C=CC=C3C=1N2C1C=CC=CC3=1,-5.488058,-2.1819854,2.6395986,2.8621771
CC(C1C=CC(=CC=1)N1C2C=C(N(C3=CC=C(C=C3)C(C)(C)C)C3C=CC(=CC=3)C(C)(C)C)C3=C(C=2B2C4=C1C=CC=C4N(C1C2=CC(=CC=1)C(C)(C)C)C1C=CN=CC=1)OC1=C3C=CC=C1)(C)C,-4.9069643,-1.4520978,2.6615517,2.9218633
C1=CC=C(C=C1)N(C1C=C2B3C4C(N5C2=C(C=1)C1CCCCC5=1)=CC=CC=4N1C2C3=CC(=CC=2C2=C1CCCC2)N(C1=CC=CC=C1)C1=CC=CC=C1)C1C=CC=CC=1,-4.946288,-1.9720565,2.214754,2.5347161
CC1=CC=C2C(=C1)B1C3SC4=C(C=3N(C3C1=C(N2C1=CC=CC2=C1C1C=CC=CC=1O2)C=C(C=3)N(C1=CC=CC=C1)C1C=CC=CC=1)C1C=CC=C(C=1)C(C)(C)C)C=CC(=C4)N(C1=CC=CC=C1)C1=CC=CC=C1,-4.803402,-1.4422057,2.518426,2.926439
CC1=CC=C2C(=C1)N(C1=CC=C3C(=C1)C=CO3)C1C3B2C2C=CC(=CC=2N(C=3C=CC=1)C1=CC=C2C(=C1)C=CO2)C,-4.960223,-1.2923435,2.8512425,3.1368878
CC(C1C=CC=C(C=1)N1C(=NC2C1=CC1N(C3C=C(C=C4C=3B(C=1C=2)C1SC2=C(C=1N4C1=CC=CC(=C1)C(C)(C)C)C=CC=C2)N1C2C=CC=CC=2C2C1=CC=CC=2)C1=CC=CC2=C1C1C=CC=CC=1S2)C1C=CC2=C(C=1)C1=CC=CC=C1S2)(C)C,-4.9195485,-1.60852,2.604772,2.9226115
CC1C=CC2=C(C=1)C1=C(S2)B2C3C=CC(=CC=3N(C3=C2C(N1C1=CC=CC(=C1)C(C)(C)C)=CC(=C3)N(C1C=CC=CC=1)C1C=CC=CC=1)C1C=CC(=CC=1)C(C)(C)C)N(C1C=CC=CC=1)C1C=CC=CC=1,-4.7805247,-1.333412,2.6540527,2.9910333
CC(C1C=CC=C(C=1)C1=NC2C(N1C1=CC=CC(=C1)C(C)(C)C)=CC1=C(C=2)B2C3SC4C(C=3N(C3C2=C(N1C1C=CC2=C5C=1C=CC1=C5C(C=C2)=CC=C1)C=CC=3)C1=CC=CC(=C1)C(C)(C)C)=CC=CC=4)(C)C,-4.67995,-1.9077872,1.992974,2.3223243
FC1=CC=CC(=C1N1C2C=CC=C3C=2B(C2=C1C=C(N(C1C=CC(=CC=1)C(C)(C)C)C1=CC=C(C=C1)C(C)(C)C)C1=C2OC2=C1C=CC=C2)C1=C(N3C2C(F)=CC=CC=2F)C=C(C2=C1OC1C2=CC=CC=1)N(C1=CC=C(C=C1)C(C)(C)C)C1C=CC(=CC=1)C(C)(C)C)F,-4.9146137,-1.4676768,2.7252402,2.9219754
CC(C1C=CC(=CC=1)N1C2C=C(C=CC=2B2C3=C1C=CC=C3N(C1=C2C=C2C(=C1)OC1C2=CC=CC=1)C1=CC=C(C=C1)C(C)(C)C)N(C1=CC=CC(=C1)C1C=CC(=CC=1)C(C)(C)C)C1C=CC=C(C=1)C1=CC=C(C=C1)C(C)(C)C)(C)C,-4.8435717,-1.4270796,2.6745515,2.8953452
C1C=CC(=CC=1)N(C1=CC2CCN3C=2C(=C1)B1C2C3=CC=CC=2N2C3C1=CC(=CC=3CC2)N(C1=CC=CC=C1)C1C=CC=CC=1)C1=CC=CC=C1,-4.746294,-1.4899184,2.5411105,2.8018754
CC1=CC=C2C(=C1)B1C3SC4=C(C=3N(C3=C1C(N2C1=CC=CC2=C1OC1=C2C=CC=C1)=CC(=C3)N(C1C=CC=CC=1)C1C=CC=CC=1)C1C=CC=C(C=1)C(C)(C)C)C=C(C=C4)N(C1=CC=CC=C1)C1C=CC=CC=1,-4.820068,-1.4674612,2.4808865,2.9159496
CC(C1=CC=CC(=C1)N1C(=NC2C1=CC1N(C3C=C(C=C4C=3B(C=1C=2)C1SC2=C(C=1N4C1C=CC=C(C=1)C(C)(C)C)C=CC=C2)N1C2C=CC=CC=2C2C1=CC=CC=2)C1=CC=CC2=C1C1C=CC=CC=1C1C2=CC=CC=1)C1C=CC2=C(C=1)C1C=CC=CC=1S2)(C)C,-4.893544,-1.6190486,2.5994506,2.8889663
CC(C1C=CC2=C(C=1)B1C3=C(N2C2=CC=C4C(=C2)C=CC=C4)C=C(C=C3N(C2=C1SC1C2=CC=CC=1N(C1=CC=CC=C1)C1=CC=CC=C1)C1C=CC=C(C=1)C(C)(C)C)N(C1C=CC=CC=1)C1C=CC=CC=1)(C)C,-4.8027253,-1.4880537,2.4375682,2.8608837
CC1C=CC2=C(C=1)B1C3SC4C(C=3N(C3C1=C(N2C1C=CC2=C(C=1)OC1=C2C=CC=C1)C=C(C=3)N(C1C=CC=CC=1)C1=CC=CC=C1)C1=CC=CC(=C1)C(C)(C)C)=CC=C(C=4)N(C1C=CC=CC=1)C1=CC=CC=C1,-4.788077,-1.4592509,2.4418306,2.903619
CC(C1=CC=CC(=C1)N1C2=CC(=CC=C2B2C3=C1C=CC=C3N(C1=C2SC2C1=CC=C(C=2)N(C1C=CC=CC=1)C1C=CC=CC=1)C1=CC=C2C(=C1)OC1C2=CC=CC=1)N(C1=CC=CC=C1)C1=CC=CC=C1)(C)C,-4.7707157,-1.506925,2.3770103,2.8415272
C1=CC=C(C=C1)B1C2=CC3C4C=CC(=CC=4B(C=3C=C2C2=C1C=C(C=C2)N(C1=CC=CC=C1)C1=CC=CC=C1)C1C=CC=CC=1)N(C1C=CC=CC=1)C1C=CC=CC=1,-4.874654,-2.752453,1.2969023,1.6346669
CC(C1=CC=CC(=C1)N1C(=NC2=C1C=C1N(C3=CC=NC=C3)C3C=C(C=C4C=3B(C1=C2)C1SC2C(C=1N4C1C=CC=C(C=1)C(C)(C)C)=CC=CC=2)N1C2=CC=CC=C2C2=C1C=CC=C2)C1C=CC2=C(C=1)C1C=CC=CC=1S2)(C)C,-4.971609,-1.6675922,2.6061578,2.9142582
C1C=CC(=CC=1)N(C1C=CC2=C(C=1)N1C3=CC=CC=C3C3C1=C1B2C2C=CC(=NC=2N2C1=C(C=3)C1=C2C=CC=C1)N(C1=CC=CC=C1)C1C=CC=CC=1)C1=CC=CC=C1,-5.2808614,-1.9221872,2.4842007,2.9000916
CC(C1=CC=C2C(=C1)B1C3=CC4C5C=C(C=CC=5N(C=4C=C3N(C3C1=C(N2C1C=CC(=CC=1)C(C)(C)C)C=CC=3)C1=CC=C(C=C1)C(C)(C)C)C1=CC=CC=C1)N(C1=CC=C(C=C1)C(C)(C)C)C1C=CC(=CC=1)C(C)(C)C)(C)C,-4.6864157,-1.40947,2.5561528,2.7794893
CC1C=C(C)C(=C(C=1)C)B1C2C=CC=C3C=2N(C2=C1C=CC=C2)C1C(B3C2=C(C)C=C(C=C2C)C)=CC=CC=1,-5.7830544,-2.2319329,2.762652,3.0279603
N#CC1=CC=C(C=C1)N1C2C=CC=C3C=2B(C2C1=CC(C)=CC=2)C1C=CC(=CC=1N3C1=CC=C(C=C1)C#N)C,-5.3607974,-1.994296,2.3664103,2.8458586
CC(C1C=CC(=CC=1)N(C1=CC2N(C3C=CC(=CC=3)C(C)(C)C)C3C=C(C=C4C=3B(C=2C2=C1C1C=CC=CC=1O2)C1C=C(C=CC=1N4C1C=CC(=CC=1)C(C)(C)C)C(C)(C)C)C(C)(C)C)C1=CC=C(C=C1)C(C)(C)C)(C)C,-4.794514,-1.3168634,2.6725368,2.9136317
CC(C1=CC=C(C=C1)N(C1=CC=C2C(=C1)N1C3C4B2C2SC5=C(C=2N2C=4C(=CC=3C3=C1C=CC=C3)C1=C2C=CC=C1)C=CC=C5)C1C=CC(=CC=1)C(C)(C)C)(C)C,-5.2474275,-1.9397194,2.439746,2.8451977
FC1C=CC=CC=1C1=NC=C2C(=C1)N(C1=C3B2C2SC4C(C=2N(C3=CC=C1)C1=CC=CC2=C1C1C=CC=CC=1S2)=CC=CC=4)C1C=CC=C2C=1C=CC=C2,-5.215935,-1.7596601,2.5710795,3.000222
CC(C1C=CC(=CC=1)N1C2=CC(=CC3=C2B(C2=C1C1=CC(=CC=C1S2)C(C)(C)C)C1SC2=C(C=1N3C1=CC=C(C=C1)C(C)(C)C)C=C(C=C2)C(C)(C)C)N(C1=CC=CC=C1)C1C=CC=CC=1)(C)C,-4.7606726,-1.3276553,2.6811032,2.9493244
CC(C1=CC=C(C=C1)N1C2C=CC=C3C=2B(C2=C1C1=CC(=CC=C1S2)C(C)(C)C)C1SC2=C(C=1N3C1=CC=C(C=C1)C(C)(C)C)C=C(C=C2)C(C)(C)C)(C)C,-4.752715,-1.3429614,2.665434,2.9070783
CC(C1C=CC(=CC=1)N1C2C=CC=C3C=2B(C2C1=CC=C1C=2OC2C1=CC=CC=2)C1=C(N3C2=CC=C(C=C2)N(C2=CC=C(C=C2)C(C)(C)C)C2=CC=C(C=C2)C(C)(C)C)C=CC(=C1)N(C1=CC=C(C=C1)C(C)(C)C)C1C=CC(=CC=1)C(C)(C)C)(C)C,-4.627552,-1.404262,2.3339238,2.6884477
CC1=CC(C)=C(C(=C1)C)N1C2=C(OC3=C2C=CC=C3)B2C3C1=CC1=C4C=3N(C3=C2C=CC=C3)C2C(B4C3=C(N1C1=C(C)C=C(C=C1C)C)C1=CC=CC=C1O3)=CC=CC=2,-5.052266,-1.624997,2.7586408,2.9362266
CC(C1=CC=CC(=C1)N1C2=CC3=C(C=C2B2C4C1=CC(=CC=4N(C1=C2SC2C1=CC=CC=2)C1C=CC=C(C=1)C(C)(C)C)N1C2=CC=CC=C2C2=C1C=CC=C2)N=C(N3C1=CC=CC(=C1)C(C)(C)C)C1=CC=CC2=C1OC1=C2C=CC=C1)(C)C,-4.8705945,-1.5683585,2.6289494,2.8965394
CC(C1=CC=C2C(=C1)B1C3SC4C(C=3N(C3C1=C(N2C1C=CC2=C(C=1)OC1=C2C=CC=C1)C=C(C=3)N(C1C=CC=CC=1)C1=CC=CC=C1)C1C=CC=C(C=1)C(C)(C)C)=CC=C(C=4)N(C1C=CC=CC=1)C1=CC=CC=C1)(C)C,-4.7864366,-1.4714305,2.4466584,2.8790119
CC1C=CC2=C(C=1)B1C3=C(N2C2C=CC4=C(C=2)C2C=CC=CC=2O4)C=C(C=C3N(C2=C1SC1C2=CC=CC=1N(C1=CC=CC=C1)C1C=CC=CC=1)C1=CC=CC(=C1)C(C)(C)C)N(C1C=CC=CC=1)C1C=CC=CC=1,-4.8139787,-1.4633117,2.5018725,2.911179
CC(C1C=CC(=CC=1)N1C2C=C(C=CC=2B2C3C1=CC(=CC=3N(C1=C2C=C2C(=C1)OC1C2=CC=CC=1)C1C=CC(=CC=1)C(C)(C)C)N(C1=CC=CC=C1)C1C=CC=CC=1)N(C1=CC=C(C=C1)C(C)(C)C)C1=CC=C(C=C1)C(C)(C)C)(C)C,-4.809679,-1.367254,2.6999433,2.935239
CC(C1=CC=CC(=C1)N1C(=NC2C1=CC1N(C3C=CC=C4C=3B(C=1C=2)C1SC2=C(C=1N4C1C=CC=C(C=1)C(C)(C)C)C=CC=C2)C1=CC=C2C3=C1C=CC1C3=C(C=C2)C=CC=1)C1=CC=C2C(=C1)C=CC=C2)(C)C,-4.7075167,-1.9473393,1.9556462,2.328746
CC1=CC=C2C(=C1)B1C3SC4C(C=3N(C3=C1C(N2C1=CC=CC2=C1OC1=C2C=CC=C1)=CC(=C3)N(C1=CC=CC=C1)C1C=CC=CC=1)C1=CC=CC(=C1)C(C)(C)C)=CC=CC=4N(C1C=CC=CC=1)C1C=CC=CC=1,-4.812081,-1.4293021,2.5272598,2.9371047
CC1C=CC2=C(C=1)B1C3C4N2C2=CC=CC=C2B2C=4C4=C5C=3N(C3C1=CC(C)=CC=3)C1=C(B5C3C(N4C4=C2C=C(C)C=C4)=CC=C(C=3)C)C=C(C=C1)C,-5.341446,-1.7741647,2.8684597,3.01133
CC1=CC=C2C(=C1)B1C3C(N2C2C=CC(=CC=2)C(C)(C)C)=CC(=CC=3N(C2=C1SC1C2=C(C=CC=1)N(C1C=CC=CC=1)C1=CC=CC=C1)C1=CC=CC(=C1)C(C)(C)C)N(C1=CC=CC=C1)C1=CC=CC=C1,-4.9165435,-1.6161845,2.3418784,2.8125637
CC1=CC(C)=C(C(=C1)C)OC1C=C2N(C3C=CC(=CC=3)C(C)(C)C)C3C=CC(=CC=3B3C2=C(C=1)N(C1C=CC(=CC=1)C(C)(C)C)C1=C3C2OC3=C(C=2C(=C1)N(C1=CC=C(C=C1)C(C)(C)C)C1C=CC(=CC=1)C(C)(C)C)C=CC=C3)C(C)(C)C,-4.8775463,-1.247306,2.7858896,3.0564382
CCC(C1C=C2B3C4=C(N5C2=C(C=1)C1C=C(C=CC5=1)C(CC)(C)C)C=C(C=C4N1C2=C3C=C(C=C2C2=C1C=CC(=C2)C(CC)(C)C)C(CC)(C)C)C)(C)C,-5.3823986,-1.9931272,2.7266912,2.8568091
C1C=C2C3=CC(=CC=C3N3C2=C(C=1)B1C2C3=CC=CC=2N2C3C1=CC=CC=3C1=C2C=CC=C1)C1C=CC2-C3C4C(-C=2C=1)=CC=CC=4C=CC=3,-5.5789843,-2.3377411,2.5795205,2.7590678
CC(C1=CC=CC(=C1)C1=NC2C(N1C1C=CC=C(C=1)C(C)(C)C)=CC1=C(C=2)B2C3=C(N1C1=CC=NC=C1)C=C(C=C3N(C1=C2SC2C1=CC=CC=2)C1=CC=CC(=C1)C(C)(C)C)N1C2=CC=CC=C2C2=C1C=CC=C2)(C)C,-4.9322977,-1.6309158,2.630263,2.8907201
CC(C1=CC=C2C(=C1)B1C3C=C(C=CC=3N3C4C1=C(N2C1=CC=C(C=C1)C(C)(C)C)C1C2C=CC=CC=2OC=1C=4B1C2C3=CC=CC=2SC2C1=CC(=CC=2)C(C)(C)C)C(C)(C)C)(C)C,-4.9992747,-1.7299975,2.4710717,2.7295148
CC(C1=CC=C2C(=C1)B1C3C(N2C2C=CC(=CC=2)C2CCCCC2)=CC=CC=3N(C2C1=CC(=CC=2)C(C)C)C1=CC=C(C=C1)C1CCCCC1)C,-4.862192,-1.313347,2.8087425,3.0225847
CC(C1=CC=C2C(=C1)B1C3C(N2C2=CC=C(C=C2)C(C)(C)C)=CC(=CC=3N(C2=C1SC1=C2C=CC=C1N(C1C=CC=CC=1)C1C=CC=CC=1)C1C=CC=C(C=1)C(C)(C)C)N(C1C=CC=CC=1)C1=CC=CC=C1)(C)C,-4.7814302,-1.3766414,2.6182315,2.9264429
FC1=CC=CC(=C1C1N=CC2=C(C=1)N(C1=CC=CC3=C1SC1=C3C=CC=C1)C1C3B2C2SC4=C(C=2N(C=3C=C(C=1)N1C2C=CC=CC=2C2C1=CC=CC=2)C1C=CN=CC=1)C=CC=C4)F,-5.320569,-1.848533,2.6937351,3.063709
CC(C1=CC=C2C(=C1)C1=C(S2)B2C3=CC=C(C=C3N(C3=C2C(N1C1C=CC=C(C=1)C(C)(C)C)=CC(=C3)N(C1=CC=CC=C1)C1C=CC=CC=1)C1C=CC2=C(C=1)C=CC=C2)N(C1C=CC=CC=1)C1=CC=CC=C1)(C)C,-4.817768,-1.4706575,2.479673,2.9046361
CC1=CC=C(C=C1)N1C2=CC(C)=CC=C2B2C3=C1C=C1SC4C(C1=C3N(C1=C2C=CC(=C1)C)C1C=CC(=CC=1)C)=CC=CC=4,-4.912348,-1.4769614,2.4156184,2.9320462
C1=CC=C(C=C1)N(C1=CC=C2C(=C1)N1C3C=CC=CC=3C3=C1C1B2C2=CC=C(C=C2N2C=1C(=C3)C1C2=CC=CC=1)N(C1C=CC=CC=1)C1=CC=CC=C1)C1C=CC=CC=1,-5.309994,-1.9716582,2.518099,2.890207
CC(C1C=CC(=CC=1)N1C2=CC(N(C3C=CC(=CC=3)C(C)(C)C)C3=CC=C(C=C3)C(C)(C)C)=C3C(=C2B2C4=C1C=CC=C4N(C1=C2C=C2C(=C1)SC1=C2C=CC=C1)C1=CC=C(C=C1)C(C)(C)C)OC1=C3C=CC=C1)(C)C,-4.8544126,-1.4202069,2.6062658,2.9074433
CC(C1C=CC=C(C=1)N1C2C=C(C=CC=2B2C3=C1C=CC=C3N(C1=C2SC2C1=CC=C(C=2)N(C1=CC=CC=C1)C1=CC=CC=C1)C1=CC=CC2=C1C=CC=C2)N(C1=CC=CC=C1)C1C=CC=CC=1)(C)C,-4.7711205,-1.540716,2.3140583,2.7989748
FC(C1C=CC(=CC=1)N1C2=CC3=C(C=C2B2C4C1=CC=CC=4N(C1=C2SC2C1=CC=CC=2)C1=CC=CC(=C1)C(C)(C)C)N=C(N3C1=CC=CC(=C1)C(C)(C)C)C1=CC=CC2=C1C1C=CC=CC=1O2)(F)F,-4.9154553,-1.6060317,2.344958,2.8744457
FC1C=CC=CC=1C1=NC=C2C(=C1)N(C1C=CC=C(C=1)C(C)(C)C)C1=C3B2C2SC4=C(C=2N(C3=CC=C1)C1=CC=C2C(=C1)C1C=CC=CC=1S2)C=CC=C4,-5.0704794,-1.6686088,2.4973445,2.9681323
CC(C1=CC=CC(=C1)N1C2C=C3N(C4=CC(=CC5=C4B(C3=CC=2N=C1C1=CC=CC2=C1C1C=CC=CC=1O2)C1SC2C(C=1N5C1C=CC=C(C=1)C(C)(C)C)=CC=CC=2)N1C2=CC=CC=C2C2=C1C=CC=C2)C1=CC=CC2=C1C1C=CC=CC=1S2)(C)C,-4.9482965,-1.6096399,2.655251,2.9405377
CC(C1C=CC2=C(C=1)C1=C3B(N2C2C=CC(=CC=2)C(C)(C)C)C2=CC=CC4=C2N2C3=C3C(=C1N1C5=CC=CC=C5C5C1=CC=CC=5)C1C=C(C=CC=1N(B3C1=C2C4=CC=C1)C1=CC=C(C=C1)C(C)(C)C)C(C)(C)C)(C)C,-5.125765,-1.7108866,2.7220006,2.913263
CC(C1C=CC=C(C=1)N1C(=NC2C1=CC1N(C3=CC=C4C(=C3)OC3=C4C=CC=C3)C3C=CC=C4C=3B(C=1C=2)C1SC2=C(C=1N4C1C=CC=C(C=1)C(C)(C)C)C=CC=C2)C1=CC=C2C(=C1)OC1=C2C=CC=C1)(C)C,-4.765503,-1.5687104,2.460514,2.7804773
FC(C1=CC(=CC(=C1B1C2C=CC=C3C=2N(C2C1=CC=CC=2)C1=C(B3C2C(=CC(=CC=2C(F)(F)F)C(F)(F)F)C(F)(F)F)C=CC=C1)C(F)(F)F)C(F)(F)F)(F)F,-6.257139,-2.5685794,2.7272904,3.1488657
CC(C1=CC=C(C=C1)N1C2=CC(=CC=C2B2C3=C1C=C(C=C3N(C1=C2SC2C1=CC=CC=2)C1C=CC(=CC=1)C(C)(C)C)N(C1=CC=C2C(=C1)C1C=CC=CC=1O2)C1C=CC(=CC=1)C(C)(C)C)N1C2C=CC=CC=2C2C1=CC=CC=2)(C)C,-4.918914,-1.506028,2.6648955,2.960458
CC1C=C2C3=C(C=1)N(C1=CC=C(C=C1)C(C)(C)C)C1C(B3C3=C(N2C2=CC=C(C=C2)C(C)(C)C)C=CC(=C3)C(C)(C)C)=CC(=CC=1)C(C)(C)C,-4.7875204,-1.2768737,2.7910528,2.9738324
CC(C1=CC=CC(=C1)N1C2=CC(=CC=C2B2C3C1=CC=CC=3N(C1=C2SC2=C1C=CC(=C2)N(C1C=CC=CC=1)C1C=CC=CC=1)C1C=CC2=C(C=1)C=CC=C2)N(C1=CC=CC=C1)C1C=CC=CC=1)(C)C,-4.757678,-1.5222324,2.320797,2.8092022
CC(C1C=CC(=CC=1)N1C2C=C(C=CC=2B2C3C1=CC=CC=3N(C1C2=CC(=CC=1)C(C)(C)C)C1=CC=C(C=C1)C(C)(C)C)N1C2C=CC(=CC=2B2C3C1=CC=CC=3N(C1C2=CC(=CC=1)C(C)(C)C)C1C=CC(=CC=1)C(C)(C)C)C(C)(C)C)(C)C,-4.772455,-1.3279783,2.7946768,2.8715065
N#CC1C=CC=C(C=1)N1C2=CC=CC3=C2B(C2=C1C=C(C)C=C2)C1=CC=C(C=C1N3C1C=CC=C(C=1)C#N)C,-5.3780994,-2.0509725,2.3655777,2.8095706
CC(C1=CC=CC(=C1)N1C2=CC3=C(C=C2B2C4C1=CC(=CC=4N(C1=C2SC2=C1C=CC=C2)C1C=CC=C(C=1)C(C)(C)C)N1C2C=CC=CC=2C2C1=CC=CC=2)N=C(N3C1=CC=CC(=C1)C(C)(C)C)C1C=CC2=C(C=1)OC1C2=CC=CC=1)(C)C,-4.864471,-1.5971526,2.5802982,2.862128
CC1C=CC2=C(C=1)C1=C(S2)B2C3C=CC(=CC=3N(C3=C2C(N1C1=CC=CC(=C1)C(C)(C)C)=CC(=C3)N(C1=CC=CC=C1)C1=CC=CC=C1)C1=CC=CC(=C1)C(C)(C)C)N(C1=CC=CC=C1)C1C=CC=CC=1,-4.7968264,-1.3644302,2.6284835,2.981624
CC(C1C=CC(=CC=1)N(C1C=CC2=C(C=1)N(C1C=CC(=CC=1)C(C)(C)C)C1C3B2C2=C4SC5=C(C4=CC=C2N(C=3C=CC=1)C1C=CC(=CC=1)C(C)(C)C)C=CC=C5)C1=CC=C(C=C1)C(C)(C)C)(C)C,-4.821853,-1.379151,2.619746,2.9252179
CC1=CC(C)=C(C(=C1)C)B1C2=CC=CC3=C2N(C2=C1C=CC=C2)C1C(B3C2C(C)=CC(=CC=2C)N(C)C)=CC=CC=1,-4.9673038,-2.0095408,2.0668793,2.488281
CC(C1=CC=C2C(=C1)B1C3C(N2C2C=CC4=C(C=2)C2=CC=CC=C2S4)=CC(=CC=3N(C2=C1SC1C2=C(C=CC=1)N(C1C=CC=CC=1)C1=CC=CC=C1)C1C=CC=C(C=1)C(C)(C)C)N(C1C=CC=CC=1)C1=CC=CC=C1)(C)C,-4.939537,-1.730883,2.1773205,2.7439897
CC(C1=CC=C(C=C1)N(C1=CC=C(C=C1)C(C)(C)C)C1=CC=C2C(-C3=CC=CC4-C5=C(B2C3=4)C=CC(=C5)N(C2C=CC(=CC=2)C(C)(C)C)C2C=CC(=CC=2)C(C)(C)C)=C1)(C)C,-4.999771,-2.3800504,1.6874195,2.0843108
C1=CC=C(C=C1)N(C1C=C2N(C3C=CC=CC=3)C3C=C4N(C5C=CC=CC=5)C5=CC(=CC6=C5B(C4=CC=3B3C2=C(C=1)N(C1C=CC=CC=1)C1=C3C=CC=C1)C1C=CC=CC=1N6C1C=CC=CC=1)N(C1=CC=CC=C1)C1=CC=CC=C1)C1C=CC=CC=1,-4.903532,-1.5491562,2.6640685,2.9179351
CC(C1C=CC=C(C=1)N1C2C=C(C=CC=2B2C3C1=CC=CC=3N(C1=C2SC2=C1C(=CC=C2)N(C1=CC=CC=C1)C1C=CC=CC=1)C1=CC=CC2=C1OC1=C2C=CC=C1)N(C1=CC=CC=C1)C1=CC=CC=C1)(C)C,-4.9292793,-1.7146223,2.210567,2.7526171
CC1=CC=C2C(=C1)B1C3C(N2C2=CC=C4C(=C2)C2C=CC=CC=2S4)=CC(=CC=3N(C2=C1SC1=C2C=C(C=C1)N(C1=CC=CC=C1)C1=CC=CC=C1)C1=CC=CC(=C1)C(C)(C)C)N(C1C=CC=CC=1)C1C=CC=CC=1,-4.830058,-1.5010446,2.433138,2.9047275
C1CCC2=C(C1)C=CC=C2N1C2=CC=CC3=C2B(C2C1=C1SC4C(C1=CC=2)=CC=CC=4)C1C=CC2=C(C=1N3C1C=CC=C3C=1CCCC3)SC1C2=CC=CC=1,-5.0366344,-1.5798749,2.7253623,2.9640934
CC1=CC=C2C(=C1)B1C3SC4=C(C=3N(C3C1=C(N2C1=CC=CC2=C1C=CC=C2)C=C(C=3)N(C1C=CC=CC=1)C1=CC=CC=C1)C1C=CC=C(C=1)C(C)(C)C)C=CC(=C4)N(C1=CC=CC=C1)C1C=CC=CC=1,-4.774827,-1.4863639,2.3733397,2.854676
CC(C1=CC=C(C=C1)N1C2C=C(C=CC=2B2C3C1=CC(=CC=3N(C1=C2SC2C1=CC(=CC=2)C(C)(C)C)C1=CC=C(C=C1)C(C)(C)C)N(C1C=CC=CC=1)C1=CC=CC=C1)N(C1=CC=CC(=C1)C1C=CC=CC=1)C1C=CC=C(C=1)C1C=CC=CC=1)(C)C,-4.7968836,-1.4352379,2.527482,2.896327
CC(C1C=CC(=CC=1)N1C2C=C(N(C3C=CC(=CC=3)C(C)(C)C)C3C=CC(=CC=3)C(C)(C)C)C3=C(C=2B2C4=C1C=CC=C4N1C4=C2C=CC=C4N=C1C1C=CC=CC=1)OC1=C3C=CC=C1)(C)C,-5.0969067,-1.7350206,2.4479668,2.8419287
CC(C1C=CC=C(C=1)N1C2C=CC=C3C=2B(C2=C1C1C=CC=C(C=1S2)N(C1C=CC=CC=1)C1=CC=CC=C1)C1=C(N3C2=CC=C3C(=C2)C2=CC=CC=C2O3)C=C(C=C1)N(C1C=CC=CC=1)C1=CC=CC=C1)(C)C,-4.793771,-1.4950033,2.446926,2.864949
CC1=CC=C2C(=C1)B1C3C(N2C2=CC=CC4=C2C2C=CC=CC=2S4)=CC(=CC=3N(C2=C1SC1=C2C=CC=C1N(C1C=CC=CC=1)C1C=CC=CC=1)C1C=CC=C(C=1)C(C)(C)C)N(C1C=CC=CC=1)C1C=CC=CC=1,-4.841868,-1.4330515,2.5956478,2.964042
C1CC2=C(C1)C(=CC=C2)N1C2C=CC=C3C=2B(C2=C1C1=CC=CC4=C1C(=C2)CC4)C1=CC2CCC4C=2C(=C1N3C1=CC=CC2=C1CCC2)C=CC=4,-4.7553906,-1.3657203,2.6798108,2.914728
C1=CC=C(C=C1)C1=CC=C2C(=C1)B1C3=CC(=CC=C3OC3=C1C(O2)=CC=C3)C1C=CC=CC=1,-5.8258944,-2.0786572,2.9698226,3.2342646
CC(C1=CC=C2C(=C1)B1C3SC4C(C=3N(C3=C1C(N2C1=CC=C2C(=C1)C=CC=C2)=CC(=C3)N(C1C=CC=CC=1)C1=CC=CC=C1)C1C=CC=C(C=1)C(C)(C)C)=CC(=CC=4)N(C1=CC=CC=C1)C1=CC=CC=C1)(C)C,-4.814968,-1.5125511,2.4133282,2.858928
CC(C1=CC=CC(=C1)N1C2C3=CC=CC(=C3SC=2B2C3C1=CC=CC=3N(C1=C2C=CC(=C1)N(C1C=CC=CC=1)C1=CC=CC=C1)C1=CC=CC2=C1C=CC=C2)N(C1C=CC=CC=1)C1C=CC=CC=1)(C)C,-4.790453,-1.508416,2.3862572,2.8406742
CC1C=C(C)C(=C(C=1)C)N1C2=CC(=CC=C2B2C3=C1C=C(C=C3N(C1=C2SC2C1=CC=CC=2)C1=C(C)C=C(C=C1C)C)N1C2C=CC=CC=2C2C1=CC=CC=2)C1C=CC(=CC=1)C(C)(C)C,-5.0054703,-1.5713071,2.7367852,2.9888568
FC1=CC=CC=C1N1C2C=C3C(=CC=2B2C4=C1C=CC=C4N(C1=C2SC2C1=CC=CC=2)C1=CC=CC(=C1)C(C)(C)C)N=C(N3C1C=CC=C(C=1)C(C)(C)C)C1C=CC(=CC=1)C(C)(C)C,-4.725588,-1.4126917,2.6087532,2.8654015
CC(C1C=CC=C(C=1)N1C2C=C(C=CC=2B2C3=C1C=CC=C3N(C1=C2SC2C1=CC=C(C=2)N(C1=CC=CC=C1)C1=CC=CC=C1)C1=CC=CC2=C1OC1=C2C=CC=C1)N(C1=CC=CC=C1)C1=CC=CC=C1)(C)C,-4.775338,-1.4954265,2.3926783,2.848232
CC1C=CC2=C(C=1)B(C1=C(C)C=C(C=C1C)C)C1C3N2C2C=CC(=CC=2B(C=3C=CC=1)C1C(C)=CC(=CC=1C)C)C,-5.753853,-2.170153,2.7872581,3.047723
CC(C1C=CC=C(C=1)N1C(=NC2C1=CC1=C(C=2)B2C3SC4=C(C=3N(C3=C2C(N1C1=CC=C2C5=C1C=CC1C5=C(C=C2)C=CC=1)=CC=C3)C1=CC=CC(=C1)C(C)(C)C)C=CC=C4)C1=CC=CC2=C1C=CC=C2)(C)C,-4.726965,-1.9535428,1.9800243,2.3433177
CC(C1=CC=CC(=C1)N1C2C3=CC=CC(=C3SC=2B2C3C1=CC=CC=3N(C1=C2C=CC(=C1)N(C1=CC=CC=C1)C1C=CC=CC=1)C1=CC=CC2=C1C1=CC=CC=C1S2)N(C1=CC=CC=C1)C1C=CC=CC=1)(C)C,-4.8408127,-1.4677513,2.5500302,2.9311373
CC1=CC=C(C=C1)N1C2=CC(C)=CC=C2B2C3C1=CC(C)=CC=3N(C1=C2OC2=C1C=CC=C2)C1=CC=C(C=C1)C,-4.8670015,-1.3353268,2.6975746,3.0417418
CC(C1=CC=CC(=C1)N1C2C=C3C(=CC=2B2C4=C1C=CC=C4N(C1=C2SC2C1=CC=CC=2)C1=CC=CC(=C1)C(C)(C)C)N=C(N3C1C=CC=C(C=1)C(C)(C)C)C1=CC=CC(=C1)C(C)(C)C)(C)C,-4.6632905,-1.4308681,2.4951425,2.7767234
CC(C1C=CC(=CC=1)N1C2=CC(=CC=C2B2C3=C1C=CC=C3N(C1=C2C=C2C(=C1)SC1=C2C=CC=C1)C1C=CC(=CC=1)C(C)(C)C)N(C1=CC=C2C(=C1)C1=CC=CC=C1O2)C1C=CC2=C(C=1)C1C=CC=CC=1O2)(C)C,-4.9156356,-1.4960184,2.697676,2.9492214
CC(C1C=CC=C(C=1)N1C2C=C3N(C4=CC=CC5=C4B(C3=CC=2N=C1C1=CC=CC2=C1OC1=C2C=CC=C1)C1SC2C(C=1N5C1C=CC=C(C=1)C(C)(C)C)=CC=CC=2)C1C=CC2=C3C=1C=CC1=C3C(C=C2)=CC=C1)(C)C,-4.7189093,-1.9449989,2.0059905,2.3446462
CC(C1C=CC2=C(C=1)B1C3SC4=C(C=3N(C3=C1C(N2C1=CC=CC(=C1)C(C)(C)C)=CC(=C3)N(C1C=CC=CC=1)C1C=CC=CC=1)C1C=CC=C(C=1)C(C)(C)C)C(=CC=C4)N(C1=CC=CC=C1)C1=CC=CC=C1)(C)C,-4.9396563,-1.6640373,2.317599,2.7805865
CC(C1=CC=C(C=C1)N1C2C3=CC(=CC=C3SC=2B2C3C1=CC=CC=3N(C1=C2C=CC(=C1)N(C1C=CC=CC=1)C1C=CC=CC=1)C1=CC=CC(=C1)C(C)(C)C)N(C1=CC=CC=C1)C1C=CC=CC=1)(C)C,-4.7846503,-1.4419463,2.5246348,2.8877757
CC(C1=CC=CC(=C1)N1C(=NC2=C1C=C1N(C3C=CC4=C(C=3)OC3C4=CC=CC=3)C3=CC=CC4=C3B(C1=C2)C1SC2C(C=1N4C1C=CC=C(C=1)C(C)(C)C)=CC=CC=2)C1=CC=C2C(=C1)C1=CC=CC=C1O2)(C)C,-4.7327366,-1.5102781,2.4915075,2.804073
CC1=CC(C)=C(C(=C1)C)N1C2C=C3C(=CC=2B2C4C1=CC1N(C5C(C)=CC(=CC=5C)C)C5=CC6=C(C=C5B5C=1C=4N1C4=C2C=C(C)C=C4C2C1=C5C=C(C=2)C)C1C(N6C2=CC=CC=C2)=CC=CC=1)C1C(N3C2=CC=CC=C2)=CC=CC=1,-4.971546,-1.7017955,2.7931476,2.8450997
CC1=CC(=CC(=C1B1C2C=CC=C3C=2N(C2C1=CC=CC=2)C1=C(B3C2C(C)=CC(=CC=2C)N(C)C)C=CC=C1)C)N(C)C,-4.896129,-2.039173,1.9711105,2.387359
CC(C1C=CC(=CC=1)N(C1=CSC2C1=CC(=CC=2)C(C)(C)C)C1C=C2C3=C(C=1)N1C4C(B3C3C5N2C2CCCCC=2C=5C=CC=3)=CC=CC=4C2=C1CCCC2)(C)C,-5.1966004,-1.7733723,2.433113,2.9392002
C1=CC=C(C=C1)N(C1C=C2[C@@H]3CCCC[C@@H]3N3C2=C(C=1)B1C2=C3C=C(C=C2N2C3=C1C=C(C=C3[C@@H]1[C@@H]2CCCC1)N(C1=CC=CC=C1)C1=CC=CC=C1)N(C1C=CC=CC=1)C1=CC=CC=C1)C1C=CC=CC=1,-4.717278,-1.4688686,2.5688043,2.8089745
CC(C1C=CC2=C(C=1)B1C3C4OC5=C(C=4C(=CC=3N(C3=C1C(N2C1=CC=CC=N1)=CC=C3)C1=CC=C(C=C1)C(C)(C)C)N(C1C=CC(=CC=1)C(C)(C)C)C1=CC=C(C=C1)C(C)(C)C)C=CC=C5)(C)C,-4.7922964,-1.3694344,2.5783176,2.901786
CC(C1=CC=CC(=C1)N1C2=CC3=C(C=C2B2C4=C1C=CC=C4N(C1=C2SC2=C1C=CC=C2)C1=CC=CC(=C1)C(C)(C)C)N=C(N3C1=CC=CC(=C1)C(C)(C)C)C1C=CC2=C(C=1)C1C=CC=CC=1S2)(C)C,-4.7212715,-1.4781567,2.4706478,2.8071296
CC(C1=CC=CC(=C1)C1=NC2=C(N1C1C=CC=C(C=1)C(C)(C)C)C=C1C(=C2)B2C3SC4=C(C=3N(C3=C2C(N1C1=CC=CC2=C1C1C=CC=CC=1N2C1C=CC=CC=1)=CC=C3)C1=CC=CC(=C1)C(C)(C)C)C=CC=C4)(C)C,-4.689245,-1.466317,2.5317278,2.7977
C1C=C2C3=C(C=1)N1C4=CC=CC=C4C4C1=C(B3C1C3N2C2=CC=CC=C2C=3C=CC=1)C=CC=4,-5.581777,-2.1580863,2.7182722,2.9424682
CC(C1C=CC=C(C=1)N1C2C=C3C(=CC=2B2C4C1=CC(=CC=4N(C1=C2SC2C1=CC=CC=2)C1C=CC=C(C=1)C(C)(C)C)N1C2C=CC=CC=2C2C1=CC=CC=2)N=C(N3C1C=CC=C(C=1)C(C)(C)C)C1=CC=CC2=C1C1C=CC=CC=1O2)(C)C,-4.8972206,-1.5714943,2.6427581,2.9104197
FC(C1=CC=C(C=C1)N1C2C=C3C(=CC=2B2C4C1=CC=CC=4N(C1=C2SC2=C1C=CC=C2)C1=CC=CC(=C1)C(C)(C)C)N=C(N3C1=CC=CC(=C1)C(C)(C)C)C1=CC=C(C=C1)C(C)(C)C)(F)F,-4.831728,-1.5384492,2.32215,2.842258
CC1C=C(C)C(=C(C=1)C)N1C2C=C(C=CC=2B2C3C1=CC(=CC=3N(C1=C2SC2=C1C=CC=C2)C1=C(C)C=C(C=C1C)C)N1C2=CC=CC=C2C2=C1C=CC=C2)N(C1C=CC=CC=1)C1=CC=CC=C1,-4.9813833,-1.5452402,2.728591,3.005974
CC(C1=CC=CC(=C1)N1C(=NC2C1=CC1N(C3C=CC=C4C=3B(C=1C=2)C1SC2=C(C=1N4C1C=CC=C(C=1)C(C)(C)C)C=CC=C2)C1=CC=C2C3=C1C=CC1C3=C(C=C2)C=CC=1)C1=CC=C2C(=C1)OC1=C2C=CC=C1)(C)C,-4.7317286,-1.9743186,1.9683033,2.3287194
CC(C1C=C2C3C4=C5N6C7C(B4N4C2=C(C=1)C1C=C(C=CC4=1)C(C)(C)C)=CC=CC=7C1C6=C(B2C5=C(C=3N3C4C=CC=CC=4C4=C3C=CC=C4)C3C=C(C=C4C=3N2C2=C4C=C(C=C2)C(C)(C)C)C(C)(C)C)C=CC=1)(C)C,-5.4221845,-2.150504,2.5868595,2.7779067
CC(C1=CC=CC(=C1)N1C2C=C3C(=CC=2B2C4C1=CC(=CC=4N(C1=C2SC2C1=CC=CC=2)C1=CC=CC(=C1)C(C)(C)C)N1C2C=CC=CC=2C2C1=CC=CC=2)N=C(N3C1C=CC=C(C=1)C(C)(C)C)C1=CC=CC2=C1C1C=CC=CC=1S2)(C)C,-4.878993,-1.5624514,2.5888262,2.9092379
C1C=CC(=CC=1)N(C1C=C2C3=C(C=1)N1[C@H]4CCCC[C@@H]4C4C1=C(B3C1=C3N2[C@@H]2CCCC[C@H]2C3=CC=C1)C=CC=4)C1=CC=CC=C1,-4.937253,-1.3751117,2.870679,3.0824893
C1=CC=C(C=C1)N(C1C=CC2=C(C=1)B1C3=CC(=CC=C3N3C4=C1C1N2C2=CC=CC=C2C=1C=C4C1=C3C=CC=C1)N(C1C=CC=CC=1)C1=CC=CC=C1)C1=CC=CC=C1,-5.133193,-2.0147073,2.2926364,2.6729932
CC1=CC2N(C3C=CC(=CC=3)C(C)(C)C)C3C=CC(=CC=3B3C=2C(=C1)N1C2C=CC(=CC=2C2=C4C1=C3SC4=CC(=C2)C(C)(C)C)C(C)(C)C)C(C)(C)C,-4.8596087,-1.5743321,2.3906019,2.7791924
CC1C=CC2=C(C=1)C1=C(S2)B2C3C=CC(=CC=3N(C3=C2C(N1C1=CC=CC(=C1)C(C)(C)C)=CC(=C3)N(C1C=CC=CC=1)C1=CC=CC=C1)C1C=CC2=C(C=1)OC1=C2C=CC=C1)N(C1C=CC=CC=1)C1C=CC=CC=1,-4.8159466,-1.4323391,2.5264664,2.9560156
CC(C1=CC=CC(=C1)N1C2C=C3N(C4=CC(=CC5=C4B(C3=CC=2N=C1C1=CC=CC2=C1OC1=C2C=CC=C1)C1SC2C(C=1N5C1C=CC=C(C=1)C(C)(C)C)=CC=CC=2)N1C2C=CC=CC=2C2C1=CC=CC=2)C1C=CC=C2C=1C1=CC=CC=C1S2)(C)C,-4.9311905,-1.6108234,2.642325,2.9300559
CC(C1=CC=C(C=C1)N1C2C=C3C(=CC=2B2C4=C1C=CC=C4N(C1=C2SC2C1=CC(=CC=2)C(C)(C)C)C1C=CC(=CC=1)C(C)(C)C)N(C1=CC=C(C=C1)C(C)(C)C)C1C(N3C2=CC=C(C=C2)C(C)(C)C)=CC=CC=1)(C)C,-4.4159603,-1.3255775,2.227508,2.5792766
CC(C1C=CC(=CC=1)N(C1C=C2-C3=CC=CC=C3B3C2=C(-C2C=CC=CC3=2)C=1)C1C=CC(=CC=1)C(C)(C)C)(C)C,-5.0882063,-2.4828618,1.6683187,2.107522
CC(C1C=CC=C(C=1)N1C2=CC=CC3=C2B(C2=C1C1=CC=CC(=C1S2)N(C1=CC=CC=C1)C1=CC=CC=C1)C1=C(N3C2C=CC(=CC=2)C(C)(C)C)C=C(C=C1)N(C1=CC=CC=C1)C1C=CC=CC=1)(C)C,-4.7737427,-1.3890189,2.5858326,2.9210489
CC(C1=CC=CC(=C1)N1C(=NC2C1=CC1=C(C=2)B2C3SC4=C(C=3N(C3C2=C(N1C1=CC=CC2=C1C1C=CC=CC=1S2)C=C(C=3)N1C2=CC=CC=C2C2=C1C=CC=C2)C1C=CC=C(C=1)C(C)(C)C)C=CC=C4)C1C=CC=C2C=1C=CC=C2)(C)C,-4.933584,-1.633514,2.5879757,2.9079716
CC(C1C=CC=C(C=1)N1C2C=C(C=CC=2B2C3C1=CC=CC=3N(C1=C2SC2=C1C(=CC=C2)N(C1C=CC=CC=1)C1=CC=CC=C1)C1C=CC=C(C=1)C(C)(C)C)N(C1=CC=CC=C1)C1C=CC=CC=1)(C)C,-4.930129,-1.6841174,2.2747045,2.7662184
C1=CC=C2C(=C1)N1C3=CC(=CC=C3B3C4=C1C2=CC1=C4N(C2=C1C=CC=C2)C1=C3C=CC(=C1)N1C2C=CC=CC=2C2C1=CC=CC=2)N1C2=CC=CC=C2C2=C1C=CC=C2,-5.65009,-2.19505,2.8070712,3.0354915
C1CCC2=C(C1)C=CC=C2N1C2C=CC=C3C=2B(C2=C1C1=CC=CC4=C1C(=C2)CC4)C1C=C2CCC4=C2C(C=1N3C1=CC=CC2=C1CCCC2)=CC=C4,-4.7414722,-1.3467551,2.6859927,2.9144976
CC(C1C=CC=C(C=1)N1C2C=C(C=CC=2B2C3C1=CC=CC=3N(C1=C2SC2=C1C=C(C=C2)N(C1C=CC=CC=1)C1C=CC=CC=1)C1=CC=CC2=C1C1C=CC=CC=1O2)N(C1=CC=CC=C1)C1=CC=CC=C1)(C)C,-4.862731,-1.5415801,2.4771295,2.8821318
CC1C=CC(=CC=1)N1C2=CC(C)=CC=C2B2C3C1=CC(C)=CC=3N(C1=C2SC2=C1C=CC=C2)C1=CC=C(C=C1)C,-4.8658094,-1.3564506,2.6970558,3.024615
CC(C1=CC=C(C=C1)N(C1C=CC2=C(C=1)N(C1=CC=C(C=C1)C(C)(C)C)C1C3B2C2C=C4C(=CC=2N(C=3C=CC=1)C1C=CC(=CC=1)C(C)(C)C)SC1C4=CC=CC=1)C1=CC=C(C=C1)C(C)(C)C)(C)C,-4.850641,-1.3952965,2.6887436,2.9343147
CC(C1C=CC(=CC=1)N1C2C=C(N(C3=CC=C(C=C3)C(C)(C)C)C3C=CC(=CC=3)C(C)(C)C)C3=C(C=2B2C4=C1C=CC=C4N(C1=C2C=C(C=C1)C(C)(C)C)C1C=CC(=CC=1)C(F)(F)F)OC1=C3C=CC=C1)(C)C,-4.9523544,-1.5103904,2.376979,2.9118598
CC(C1C=CC=C(C=1)N1C(=NC2=C1C=C1N(C3=CC=C4C(=C3)OC3=C4C=CC=C3)C3=CC=CC4=C3B(C1=C2)C1SC2=C(C=1N4C1=CC=CC(=C1)C(C)(C)C)C=CC=C2)C1C=CC(=CC=1)C(C)(C)C)(C)C,-4.6852756,-1.4509063,2.4794693,2.793134
FC1C=CC=CC=1N1C2C=C3C(=CC=2B2C4=C1C=CC=C4N(C1=C2SC2C1=CC=CC=2)C1=CC=CC(=C1)C(C)(C)C)N=C(N3C1C=CC=C(C=1)C(C)(C)C)C1=CC=CC(=C1)C(C)(C)C,-4.725392,-1.438037,2.5774949,2.846657
CC1C=CC2=C(C=1)B1C3SC4=C(C=3N(C3=C1C(N2C1=CC=CC2=C1C1=CC=CC=C1S2)=CC(=C3)N(C1C=CC=CC=1)C1=CC=CC=C1)C1=CC=CC(=C1)C(C)(C)C)C=C(C=C4)N(C1C=CC=CC=1)C1=CC=CC=C1,-4.860289,-1.479698,2.552276,2.943371
CC1=CC=C2C(=C1)B1C3C(N2C2=CC=C4C(=C2)C2=CC=CC=C2O4)=CC(=CC=3N(C2=C1SC1=C2C=CC(=C1)N(C1=CC=CC=C1)C1=CC=CC=C1)C1=CC=CC(=C1)C(C)(C)C)N(C1C=CC=CC=1)C1C=CC=CC=1,-4.776045,-1.4609766,2.4468517,2.890252
C1=CC=C(C=C1)N1C2=CC=CC=C2B2C3C1=CC=CC=3N1C3=C2C=CC=C3C2C1=CC=CC=2,-5.30713,-1.8357317,2.6584148,2.9933913
FC1=CC=CC(=C1C1N=CC2=C(C=1)N(C1C=CC3=C(C=1)SC1C3=CC=CC=1)C1C3B2C2SC4C(C=2N(C=3C=C(C=1)N1C2=CC=CC=C2C2=C1C=CC=C2)C1C=CN=CC=1)=CC=CC=4)F,-5.3620777,-1.8813382,2.686304,3.075393
FC1C=CC=CC=1C1=NC=C2C(=C1)N(C1C=CC=C(C=1)C(C)(C)C)C1=C3B2C2SC4=C(C=2N(C3=CC=C1)C1=CC=CC2=C1SC1=C2C=CC=C1)C=CC=C4,-5.089059,-1.650644,2.550947,2.9924834
CC(C1=CC=C(C=C1)N1C2=CC(=CC3=C2B(C2=C1C=CC(=C2)C(C)(C)C)C1=CC(=CC=C1N3C1=CC=C(C=C1)C(C)(C)C)C(C)(C)C)N1C2=CC=C(C=C2C2=C1C=CC(=C2)C(C)(C)C)C(C)(C)C)(C)C,-4.903323,-1.3772743,2.8694196,3.0012398
FC1C=CC=C(C=1C1N=CC2=C(C=1)N(C1=C3B2C2SC4=C(C=2N(C3=CC(=C1)N1C2C=CC=CC=2C2C1=CC=CC=2)C1=CC=CC2=C1SC1=C2C=CC=C1)C=CC=C4)C1=CC=CC2=C1C1C=CC=CC=1C1C2=CC=CC=1)F,-5.2659245,-1.8139977,2.701915,3.0444648
CC(C1C=CC(=CC=1)N1C2C=C(C(=CC=2B2C3C1=CC=CC=3N(C1C2=CC(=C(C=1)N(C1C=CC(=CC=1)C(C)(C)C)C1=CC=C(C=C1)C(C)(C)C)N(C1C=CC(=CC=1)C(C)(C)C)C1C=CC(=CC=1)C(C)(C)C)C1C=CC(=CC=1)C(C)(C)C)N(C1=CC=C(C=C1)C(C)(C)C)C1C=CC(=CC=1)C(C)(C)C)N(C1C=CC(=CC=1)C(C)(C)C)C1C=CC(=CC=1)C(C)(C)C)(C)C,-4.419525,-1.2685294,2.3177662,2.5098708
CC(C1=CC=CC(=C1)N1C2C=C3C(=CC=2B2C4=C1C=C(C=C4N(C1=C2SC2C1=CC=CC=2)C1=CC=CC(=C1)C(C)(C)C)N1C2C=CC=CC=2C2C1=CC=CC=2)N=C(N3C1=CC=CC(=C1)C(C)(C)C)C1=CC=C(C=C1)C(C)(C)C)(C)C,-4.810154,-1.4889455,2.6499128,2.8904874
CC1(C)C2C=CC=CC=2N(C2=C1C=CC=C2)C1=CC=CC2=C1OC1C=CC=C3C=1B2C1C=CC=C(C=1O3)N1C2C=CC=CC=2C(C2=C1C=CC=C2)(C)C,-5.2876043,-2.3233173,2.1445625,2.4583004
C1C=CC(=CC=1)C1(C2C=CC=CC=2)C2=CC=CC=C2-N2C3C1=CC=CC=3B1C3C2=CC=CC=3N2-C3=CC=CC=C3C(C3C2=C1C=CC=3)(C1=CC=CC=C1)C1C=CC=CC=1,-5.1694937,-1.8987911,2.494516,2.771365
CC(C1C=CC2=C(C=1)B1C3SC4C(C=3N(C3=C1C(N2C1=CC=CC2=C1C1=CC=CC=C1S2)=CC(=C3)N(C1=CC=CC=C1)C1=CC=CC=C1)C1C=CC=C(C=1)C(C)(C)C)=CC(=CC=4)N(C1=CC=CC=C1)C1=CC=CC=C1)(C)C,-4.8745832,-1.4950273,2.5599592,2.929253
CC(C1C=CC=C(C=1)N1C(=NC2=C1C=C1N(C3C=CN=CC=3)C3=CC(=CC4=C3B(C1=C2)C1SC2=C(C=1N4C1=CC=CC(=C1)C(C)(C)C)C=CC=C2)N1C2=CC=CC=C2C2=C1C=CC=C2)C1=CC=CC2=C1C=CC=C2)(C)C,-4.975689,-1.6919851,2.5901914,2.8916776
CC1C=CC(=CC=1)N1C2C=C(C)C=CC=2B2C3C1=CC1C=CSC=1C=3N(C1C2=CC=C(C=1)C)C1C=CC(=CC=1)C,-4.8962545,-1.4243761,2.57436,2.9816272
CC(C1=CC=C(C=C1)N1C2=CC(=CC=C2B2C3=C1C=CC=C3N(C1=C2C=C2C(=C1)OC1=C2C=CC=C1)C1=CC=C(C=C1)C(C)(C)C)N(C1=CC=C2C(=C1)C1=CC=CC=C1O2)C1C=CC(=CC=1)C(C)(C)C)(C)C,-4.835559,-1.4299407,2.695983,2.911668
CC(C1=CC=CC(=C1)N1C2=CC(=CC3=C2B(C2=C1C1=CC(=CC=C1S2)C(C)(C)C)C1=C(N3C2=CC=C3C(=C2)OC2C3=CC=CC=2)C=C(C=C1)N(C1C=CC=CC=1)C1=CC=CC=C1)N(C1C=CC=CC=1)C1=CC=CC=C1)(C)C,-4.832071,-1.4564086,2.536034,2.9366708
C1C=CC(=CC=1)C1C=CC(=CC=1)C1=CC=C(C=C1)N1C2C=CC(=CC=2B2C3=C1C=CC=C3N(C1C2=CC=CC=1)C1C=CC=CC=1)C1=CC=C(C=C1)C1=CC=CC=C1,-5.0497026,-1.5845858,2.6588235,2.9781804
CC1=CC=C2C(=C1)B1C3C(N2C2=CC=C4C(=C2)C2=CC=CC=C2O4)=CC(=CC=3N(C2=C1SC1C2=CC(=CC=1)N(C1=CC=CC=C1)C1=CC=CC=C1)C1C=CC=C(C=1)C(C)(C)C)N(C1=CC=CC=C1)C1C=CC=CC=1,-4.829218,-1.4801606,2.4974008,2.918849
CC1C=C(C)C(=C(C=1)C)N1C2=CC3SC4C(C=3C=C2B2C3=C1C=C1C5=C3N(C3=C2C=CC=C3)C2=C(B5C3=C(N1C1C(C)=CC(=CC=1C)C)C=C1C(=C3)C3=C(S1)C=CC=C3)C=CC=C2)=CC=CC=4,-5.1570787,-1.661834,2.82658,2.9988868
CC(N(C1=CC2C3CCCCC=3N3C=2C(=C1)B1C2C3=CC(=CC=2N2C3C1=CC(=CC=3C1=C2CCCC1)N(C(C)C)C(C)C)N(C1=CC=C2C(=C1)C=CC=C2)C1=CC=C2C(=C1)C=CC=C2)C(C)C)C,-4.939104,-1.8659707,2.2236717,2.6022537
CC(C1=CC=CC(=C1)N1C2=CC=CC3=C2B(C2=C1C1=CC=CC(=C1S2)N(C1=CC=CC=C1)C1C=CC=CC=1)C1=C(N3C2C=CC3=C(C=2)OC2=C3C=CC=C2)C=C(C=C1)N(C1C=CC=CC=1)C1C=CC=CC=1)(C)C,-4.796398,-1.490873,2.434673,2.8716624
CC(C1=CC=CC(=C1)N1C(=NC2C1=CC1=C(C=2)B2C3SC4=C(C=3N(C3C2=C(N1C1=CC=CC2=C1C1C=CC=CC=1N2C1=CC=CC=C1)C=CC=3)C1C=CC=C(C=1)C(C)(C)C)C=CC=C4)C1C=CC=C2C=1C=CC=C2)(C)C,-4.7442427,-1.5382059,2.4823427,2.79873
CC(C1=CC=CC(=C1)N1C(=NC2C1=CC1=C(C=2)B2C3=C(N1C1=CC=CC4=C1C1C=CC=CC=1N4C1C=CC=CC=1)C=CC=C3N(C1=C2SC2=C1C=CC=C2)C1=CC=CC(=C1)C(C)(C)C)C1=CC=C2C(=C1)C=CC=C2)(C)C,-4.7327957,-1.5415891,2.4510472,2.7816699
CC(C1=CC=CC(=C1)N1C2=CC(=CC=C2B2C3=C1C=CC=C3N(C1=C2SC2=C1C=C(C=C2)N(C1=CC=CC=C1)C1=CC=CC=C1)C1C=CC2=C(C=1)OC1=C2C=CC=C1)N(C1C=CC=CC=1)C1C=CC=CC=1)(C)C,-4.80855,-1.5353028,2.3960962,2.847935
CC(C1=CC=C2C(=C1)B1C3SC4=C(C=3N(C3=C1C(N2C1=CC=CC2=C1C1=CC=CC=C1S2)=CC(=C3)N(C1=CC=CC=C1)C1=CC=CC=C1)C1=CC=CC(=C1)C(C)(C)C)C=CC(=C4)N(C1C=CC=CC=1)C1C=CC=CC=1)(C)C,-4.817333,-1.4571192,2.5374374,2.9152012
CC(C1=CC=CC(=C1)N1C(=NC2C1=CC1N(C3C=C(C=C4C=3B(C=1C=2)C1SC2=C(C=1N4C1C=CC=C(C=1)C(C)(C)C)C=CC=C2)N1C2C=CC=CC=2C2C1=CC=CC=2)C1=CC=CC2=C1C1C=CC=CC=1C1C2=CC=CC=1)C1=CC=C2C(=C1)C1C=CC=CC=1O2)(C)C,-4.874298,-1.5954686,2.646116,2.8891218
CC1C=C2C3=C(C=1)N1C4=CC=CC=C4C4=C1C(B3C1=C3N2C2C=CC=CC=2C3=CC(=C1)N(C1=CC=CC=C1)C1=CC=CC=C1)=CC(=C4)N(C1C=CC=CC=1)C1=CC=CC=C1,-5.0599275,-2.0826957,2.2553241,2.5450397
CC(C1C=CC(=CC=1)N1C2=CC(=CC=C2B2C3=C1C=CC=C3N(C1=C2C=C2N=C(N(C2=C1)C1C=CC=CC=1)C1C=CC=CC=1)C1=CC=C(C=C1)C(C)(C)C)N(C1=CC=C(C=C1)C(C)(C)C)C1=CC=C(C=C1)C(C)(C)C)(C)C,-4.6488776,-1.3685899,2.5556598,2.7978303
FC(C1C=CC(=CC=1)N1C2=CC3=C(C=C2B2C4C1=CC=CC=4N(C1=C2SC2=C1C=CC=C2)C1=CC=CC(=C1)C(C)(C)C)N=C(N3C1=CC=CC(=C1)C(C)(C)C)C1=CC=CC(=C1)C(C)(C)C)(F)F,-4.8354387,-1.5599316,2.300355,2.8308034
CC(C1=CC=CC(=C1)N1C2=CC3=C(C=C2N=C1C1=CC=CC2=C1C1C=CC=CC=1S2)B1C2=C(N3C3=CC=CC4=C3C3C=CC=CC=3N4C3=CC=CC=C3)C=CC=C2N(C2=C1SC1=C2C=CC=C1)C1C=CC=C(C=1)C(C)(C)C)(C)C,-4.7472267,-1.5037009,2.5075111,2.8355458
